id,sid,uuid
1,5qgRTANGJqk4kiLM8wfANb,AE--BC-5qgRTANGJqk4kiLM8wfANb
2,HzPxVbhDZPumNYYhYkV3d2,AE--BC-HzPxVbhDZPumNYYhYkV3d2
3,6Ep5MD8Z8v9Fz7S2L4PwMd,AE--BC-6Ep5MD8Z8v9Fz7S2L4PwMd
4,VXAS6HebA22JaNbMEnnNa4,AE--BC-VXAS6HebA22JaNbMEnnNa4
5,WkQmJ8avjwCE7Ryxyip84h,AE--BC-WkQmJ8avjwCE7Ryxyip84h
6,8iTPVLuUvruKkgdycgTaWF,AE--BC-8iTPVLuUvruKkgdycgTaWF
7,n3JdECu2PiS3VVU4wQfrMM,AE--BC-n3JdECu2PiS3VVU4wQfrMM
8,LCqyHhYzUpMju8PziVjf7Y,AE--BC-LCqyHhYzUpMju8PziVjf7Y
9,D85FFoErHfnFJnDYT2HXyd,AE--BC-D85FFoErHfnFJnDYT2HXyd
10,GUB7mLHWZRXwrofnAyRzaE,AE--BC-GUB7mLHWZRXwrofnAyRzaE
11,KrWfFw6LEecBVBbsaWLiW2,AE--BC-KrWfFw6LEecBVBbsaWLiW2
12,n8nuqkE3ePyr3BexJF3SS7,AE--BC-n8nuqkE3ePyr3BexJF3SS7
13,4UsPvNDdcikP9SFdbonJ3H,AE--BC-4UsPvNDdcikP9SFdbonJ3H
14,FqThheSLHXrDmDPYaYphKE,AE--BC-FqThheSLHXrDmDPYaYphKE
15,99Xbebkoz3SGGAGoSxyhUt,AE--BC-99Xbebkoz3SGGAGoSxyhUt
16,CMqhrDuvgVU6LcpGQFEMqi,AE--BC-CMqhrDuvgVU6LcpGQFEMqi
17,Ys2HzWjJZG5oFCSqhcJDXh,AE--BC-Ys2HzWjJZG5oFCSqhcJDXh
18,3KUkQ9jZqcftXWj4ytz65Q,AE--BC-3KUkQ9jZqcftXWj4ytz65Q
19,kd2c82u6daVYzKPj2FeEHW,AE--BC-kd2c82u6daVYzKPj2FeEHW
20,5LyhqhabzyJ6J5mHjphzsB,AE--BC-5LyhqhabzyJ6J5mHjphzsB
21,PXQZP9hybaFi8EbsQCbjru,AE--BC-PXQZP9hybaFi8EbsQCbjru
22,GZTRtwDFN3f2tNjHbZV3no,AE--BC-GZTRtwDFN3f2tNjHbZV3no
23,iDhjmbaaQgGdeG9fc5m9jV,AE--BC-iDhjmbaaQgGdeG9fc5m9jV
24,g3XWW76dh2LZiC8R9ioeDJ,AE--BC-g3XWW76dh2LZiC8R9ioeDJ
25,SyzWh9YvH6j8yFmqpVRjeZ,AE--BC-SyzWh9YvH6j8yFmqpVRjeZ
26,REd4eT9ukzNtcCgDLMZyLu,AE--BC-REd4eT9ukzNtcCgDLMZyLu
27,dYegNRfKx93ZT4akdkHBtv,AE--BC-dYegNRfKx93ZT4akdkHBtv
28,Hnf4PgUGgpbfqpVXMsYQfd,AE--BC-Hnf4PgUGgpbfqpVXMsYQfd
29,9jJ5QmUpjwDEK6JJAzLArh,AE--BC-9jJ5QmUpjwDEK6JJAzLArh
30,3PeoNrhMtMYXRPdMX9QybG,AE--BC-3PeoNrhMtMYXRPdMX9QybG
31,auEFysjUMjoyniVFCb4mDX,AE--BC-auEFysjUMjoyniVFCb4mDX
32,U5XQe2hLwv36nkPEDLRnjj,AE--BC-U5XQe2hLwv36nkPEDLRnjj
33,GND4WqTteUPqhBtBTXsKGa,AE--BC-GND4WqTteUPqhBtBTXsKGa
34,Tb28iwEhDKU7x4eUYuaSmX,AE--BC-Tb28iwEhDKU7x4eUYuaSmX
35,5Z8nuAAUZvRb3gLiVzMEq5,AE--BC-5Z8nuAAUZvRb3gLiVzMEq5
36,hevWLwbqRDbXU53HD9SnFb,AE--BC-hevWLwbqRDbXU53HD9SnFb
37,H6xdV5i8vQ9uxENyJvCiXC,AE--BC-H6xdV5i8vQ9uxENyJvCiXC
38,3MTz82dA4uyQj4Zx47kkeV,AE--BC-3MTz82dA4uyQj4Zx47kkeV
39,aXZB6mRq45KNxaS8ojN99x,AE--BC-aXZB6mRq45KNxaS8ojN99x
40,6Mn6tYZMFnyykdm6BTrytx,AE--BC-6Mn6tYZMFnyykdm6BTrytx
41,f6cHtqgGZwvJpR5g7MjSBR,AE--BC-f6cHtqgGZwvJpR5g7MjSBR
42,H9LZkBhhgR9fDcSPuQu4R7,AE--BC-H9LZkBhhgR9fDcSPuQu4R7
43,mfHprGL8axLTLWAztKKQVT,AE--BC-mfHprGL8axLTLWAztKKQVT
44,AYiq2PwrmkZCtLE87z9F87,AE--BC-AYiq2PwrmkZCtLE87z9F87
45,4PJzEW8LNsiqGVbXe7NSWS,AE--BC-4PJzEW8LNsiqGVbXe7NSWS
46,KRDxK2pVnmSQ83nXRj4dC5,AE--BC-KRDxK2pVnmSQ83nXRj4dC5
47,fTZ6gJWttSWneWgqDVMrMx,AE--BC-fTZ6gJWttSWneWgqDVMrMx
48,gLUtfuzrp3bQUkYhQQQkRT,AE--BC-gLUtfuzrp3bQUkYhQQQkRT
49,fjmxRonCDkQFMfzR8gkGN3,AE--BC-fjmxRonCDkQFMfzR8gkGN3
50,GDXwoAMgYVSW4fosR3SGiY,AE--BC-GDXwoAMgYVSW4fosR3SGiY
51,SJoLNLhTnwthN7D6Qu2snn,AE--BC-SJoLNLhTnwthN7D6Qu2snn
52,2we3Aawg2PoXHJdbgjxsyr,AE--BC-2we3Aawg2PoXHJdbgjxsyr
53,DSioNm3hnSak86rKXaMyru,AE--BC-DSioNm3hnSak86rKXaMyru
54,4unAAT8wcKvN7NjiQj69q3,AE--BC-4unAAT8wcKvN7NjiQj69q3
55,6HYU8BYqT3acDz9WkrgdVZ,AE--BC-6HYU8BYqT3acDz9WkrgdVZ
56,29zjXAsd7kCKAQPWo8FGhi,AE--BC-29zjXAsd7kCKAQPWo8FGhi
57,MNx6AZQ2iLUWSvHkQrnrB8,AE--BC-MNx6AZQ2iLUWSvHkQrnrB8
58,CxcnxzACBBGGdA9A43wWTX,AE--BC-CxcnxzACBBGGdA9A43wWTX
59,J7yNaHfEAGSH6vProsBAhK,AE--BC-J7yNaHfEAGSH6vProsBAhK
60,RcgyULAB2ZcupP4qnn3qV9,AE--BC-RcgyULAB2ZcupP4qnn3qV9
61,TgSh2dh8bUyxq6L7irKwvv,AE--BC-TgSh2dh8bUyxq6L7irKwvv
62,27FoADC7t8tdpmDXRxbRDR,AE--BC-27FoADC7t8tdpmDXRxbRDR
63,AX35VmUNaptvpDUUv2eSHm,AE--BC-AX35VmUNaptvpDUUv2eSHm
64,bBa8mUvvwAQ7vrqK67FP96,AE--BC-bBa8mUvvwAQ7vrqK67FP96
65,Mn5DckpocBjmBVwUkbFWhZ,AE--BC-Mn5DckpocBjmBVwUkbFWhZ
66,YWeKemH6LrRR2XcXWAjqan,AE--BC-YWeKemH6LrRR2XcXWAjqan
67,dsKdqJBjYtXFSFt9HpPYJd,AE--BC-dsKdqJBjYtXFSFt9HpPYJd
68,RbSwVZv8A6NYYZpeUGfbwP,AE--BC-RbSwVZv8A6NYYZpeUGfbwP
69,Ff3xGsepDgekiyNUbTmyWA,AE--BC-Ff3xGsepDgekiyNUbTmyWA
70,8idDvisysW2c7N9uzT2QoW,AE--BC-8idDvisysW2c7N9uzT2QoW
71,gK3TqqYNbywmKq7eby4dDL,AE--BC-gK3TqqYNbywmKq7eby4dDL
72,m4Ce9AM9JkVfZtD5dkyQYk,AE--BC-m4Ce9AM9JkVfZtD5dkyQYk
73,oKuGakwezz8c7jfKTgVmff,AE--BC-oKuGakwezz8c7jfKTgVmff
74,CCBBvi9aGzmGAyNrnFgGqE,AE--BC-CCBBvi9aGzmGAyNrnFgGqE
75,B9J5JMud95okVSyQYwfEuf,AE--BC-B9J5JMud95okVSyQYwfEuf
76,CfWik3GtDU4uVY4AUVyD8C,AE--BC-CfWik3GtDU4uVY4AUVyD8C
77,3imn8CZDgqgRKGo5kdvmMA,AE--BC-3imn8CZDgqgRKGo5kdvmMA
78,W3a424a93gysEKtK6pZ8SH,AE--BC-W3a424a93gysEKtK6pZ8SH
79,NYtePURdybDmFMiv4oRrHg,AE--BC-NYtePURdybDmFMiv4oRrHg
80,iqVDrtcAWU26NBQaKBXFEv,AE--BC-iqVDrtcAWU26NBQaKBXFEv
81,57XkacJ7gJUZvqvUidjfSv,AE--BC-57XkacJ7gJUZvqvUidjfSv
82,C9bJGHc892TsHgUibqtTqU,AE--BC-C9bJGHc892TsHgUibqtTqU
83,LAccmtBibxZnjrdDh59xZu,AE--BC-LAccmtBibxZnjrdDh59xZu
84,cnQycrS2SNHgg698gRqPZS,AE--BC-cnQycrS2SNHgg698gRqPZS
85,cViQmqPTGEWij9JohgiaS5,AE--BC-cViQmqPTGEWij9JohgiaS5
86,9bsg9gkK7WbxgEAHnsTKWw,AE--BC-9bsg9gkK7WbxgEAHnsTKWw
87,Qtf8nvuW82WfpuoqnorgMs,AE--BC-Qtf8nvuW82WfpuoqnorgMs
88,HLzwD8FyTYtjMJ3YkkuWhC,AE--BC-HLzwD8FyTYtjMJ3YkkuWhC
89,fLmqpd36mkEGnnEaRqpV4T,AE--BC-fLmqpd36mkEGnnEaRqpV4T
90,CMk57Uv2pGpcMqPG98Qnxx,AE--BC-CMk57Uv2pGpcMqPG98Qnxx
91,GHG4Gn7jJr3sxMJCUw5Egg,AE--BC-GHG4Gn7jJr3sxMJCUw5Egg
92,RymUtBR9FpnoXctS9TppM3,AE--BC-RymUtBR9FpnoXctS9TppM3
93,DLqMUsh3tdmy45aUAdYcLg,AE--BC-DLqMUsh3tdmy45aUAdYcLg
94,57XeEETXEazVHxB8JX3rpC,AE--BC-57XeEETXEazVHxB8JX3rpC
95,8Yrph9vmWTvMB7AqUpAfMA,AE--BC-8Yrph9vmWTvMB7AqUpAfMA
96,PtVRdDpps5DHBM4d4zs8SE,AE--BC-PtVRdDpps5DHBM4d4zs8SE
97,TaeicRarovcGU3GqrpiNuY,AE--BC-TaeicRarovcGU3GqrpiNuY
98,kJvLubmjjqvG4ysXcYkyDx,AE--BC-kJvLubmjjqvG4ysXcYkyDx
99,UnEMdZTSaHiBdZY7nJopYF,AE--BC-UnEMdZTSaHiBdZY7nJopYF
100,aAmSMvu4UpHzUbv86eVEE9,AE--BC-aAmSMvu4UpHzUbv86eVEE9
101,Kbf893bntL7srwfD88jyYw,AE--BC-Kbf893bntL7srwfD88jyYw
102,ZAMfaSsexK5gRQLnidzELE,AE--BC-ZAMfaSsexK5gRQLnidzELE
103,8ghRgn4cfACzmRNPqbPQJU,AE--BC-8ghRgn4cfACzmRNPqbPQJU
104,MUjQY7GSbsVzAjnaxDN8Rk,AE--BC-MUjQY7GSbsVzAjnaxDN8Rk
105,U7yzpe6emMdHfaLMiLscsb,AE--BC-U7yzpe6emMdHfaLMiLscsb
106,iNG9iLvC68uxwdFeBrePpM,AE--BC-iNG9iLvC68uxwdFeBrePpM
107,DNNSDJxZYKr2v8mhreqvoq,AE--BC-DNNSDJxZYKr2v8mhreqvoq
108,X5URbShXa6tkGWTA3CieFx,AE--BC-X5URbShXa6tkGWTA3CieFx
109,5qhymhXVsBa5m3tt7qZW7B,AE--BC-5qhymhXVsBa5m3tt7qZW7B
110,oTEE8JVr2Egg8UnLR72cCu,AE--BC-oTEE8JVr2Egg8UnLR72cCu
111,WfMthZ6ywVSsuc65FvVbtd,AE--BC-WfMthZ6ywVSsuc65FvVbtd
112,XFtRUjArAPGVNrbnoEDGNX,AE--BC-XFtRUjArAPGVNrbnoEDGNX
113,V37hgcVSaBA8qqwGYyQf6C,AE--BC-V37hgcVSaBA8qqwGYyQf6C
114,gZCMNi98Nrqzw7LNYiVuMD,AE--BC-gZCMNi98Nrqzw7LNYiVuMD
115,gCy2gXKRDDmWTCFjsNsiEk,AE--BC-gCy2gXKRDDmWTCFjsNsiEk
116,UU5qYonrp4c93XvkpPau2f,AE--BC-UU5qYonrp4c93XvkpPau2f
117,cyQn28aEEzYKFxdzQ44TcY,AE--BC-cyQn28aEEzYKFxdzQ44TcY
118,dXK4aApd3n2c6y9Sojorm7,AE--BC-dXK4aApd3n2c6y9Sojorm7
119,WwaDPDjzAEVow5cN6dcBmn,AE--BC-WwaDPDjzAEVow5cN6dcBmn
120,Q9xP5TU6rsKKNq5DeEpL5u,AE--BC-Q9xP5TU6rsKKNq5DeEpL5u
121,4jjbMvUbMWh3Njrz5Muj9V,AE--BC-4jjbMvUbMWh3Njrz5Muj9V
122,NiaC6kuJYTRWsm7r3hgWGJ,AE--BC-NiaC6kuJYTRWsm7r3hgWGJ
123,EYxT3udPiKKvhrkAKBE5YM,AE--BC-EYxT3udPiKKvhrkAKBE5YM
124,ab8dcZAS6SwVTcHqSJM6Sb,AE--BC-ab8dcZAS6SwVTcHqSJM6Sb
125,H7eqiBfL5xXidARJpKJgy5,AE--BC-H7eqiBfL5xXidARJpKJgy5
126,8uDJaBBLkp4evBKUhvzA5K,AE--BC-8uDJaBBLkp4evBKUhvzA5K
127,JR4bhA3tsLHNfFajSAh5hc,AE--BC-JR4bhA3tsLHNfFajSAh5hc
128,ARQcYUspXSDD4BbSxwxcxn,AE--BC-ARQcYUspXSDD4BbSxwxcxn
129,hMtErctwTVAesJJjYjHC2T,AE--BC-hMtErctwTVAesJJjYjHC2T
130,84sBUjzoMEGkJYKkJrAn3F,AE--BC-84sBUjzoMEGkJYKkJrAn3F
131,8KFn4JTB9Cssa32nbDhJjB,AE--BC-8KFn4JTB9Cssa32nbDhJjB
132,LDoxps28bLY2ficviuGrG3,AE--BC-LDoxps28bLY2ficviuGrG3
133,b7hbsYhG9nA2HmSpwg4Eud,AE--BC-b7hbsYhG9nA2HmSpwg4Eud
134,hCRCSYF2KK5JPUcC6nUC6Z,AE--BC-hCRCSYF2KK5JPUcC6nUC6Z
135,5WJwwAkTxPGYeRdeV8Zsw4,AE--BC-5WJwwAkTxPGYeRdeV8Zsw4
136,VfJLLRr3u2PZY5dhMEvocT,AE--BC-VfJLLRr3u2PZY5dhMEvocT
137,8Ba97uizTaoDrbSiaUJw6o,AE--BC-8Ba97uizTaoDrbSiaUJw6o
138,iGK7JYoiKzsSJx2JqkUizv,AE--BC-iGK7JYoiKzsSJx2JqkUizv
139,i7RWbY83L8GJjLVs4ARp77,AE--BC-i7RWbY83L8GJjLVs4ARp77
140,nV4v2cMJANHTduQsMJ26pM,AE--BC-nV4v2cMJANHTduQsMJ26pM
141,AGwL959VXx2tDjZbVLTw48,AE--BC-AGwL959VXx2tDjZbVLTw48
142,f4c5J3NuYURJbBd9NmK7cB,AE--BC-f4c5J3NuYURJbBd9NmK7cB
143,AowgdbaUKzHTPLdyUsq2LU,AE--BC-AowgdbaUKzHTPLdyUsq2LU
144,dCRU3AuRnanPNa78tyriNF,AE--BC-dCRU3AuRnanPNa78tyriNF
145,mXcRAGrNqYtcu5DHtL7ww5,AE--BC-mXcRAGrNqYtcu5DHtL7ww5
146,b36nBFz8JviCcd9JBWQBUT,AE--BC-b36nBFz8JviCcd9JBWQBUT
147,dSqdPG5JHbmvybJA7s7QtR,AE--BC-dSqdPG5JHbmvybJA7s7QtR
148,6u3VEyvEfChqnJgbmzag4U,AE--BC-6u3VEyvEfChqnJgbmzag4U
149,ihhCNKMwCEwNiLvxpwGutK,AE--BC-ihhCNKMwCEwNiLvxpwGutK
150,mN3KJoscmdL4qaxrqfhgCk,AE--BC-mN3KJoscmdL4qaxrqfhgCk
151,SXHvyFs4hJH79GCp3fTzuP,AE--BC-SXHvyFs4hJH79GCp3fTzuP
152,HpaoTYQCRE6DztxNfYGVqB,AE--BC-HpaoTYQCRE6DztxNfYGVqB
153,eTBHPj6a3vvBxHgagSn4iQ,AE--BC-eTBHPj6a3vvBxHgagSn4iQ
154,o8kvspra5FgUBmHpLPxKLD,AE--BC-o8kvspra5FgUBmHpLPxKLD
155,o4SobwbMax8iHEBexUACny,AE--BC-o4SobwbMax8iHEBexUACny
156,D68qmHV4NoAQbURZX7Xwkp,AE--BC-D68qmHV4NoAQbURZX7Xwkp
157,Ui4obKY9G4y9TfW3i7tjG4,AE--BC-Ui4obKY9G4y9TfW3i7tjG4
158,hgVQLfFU5g6EDao8qKTKw4,AE--BC-hgVQLfFU5g6EDao8qKTKw4
159,hcHEAyhq4jTNrzf5ahG7uW,AE--BC-hcHEAyhq4jTNrzf5ahG7uW
160,ecjBsyp39ndfqzFmyT6iVk,AE--BC-ecjBsyp39ndfqzFmyT6iVk
161,2jttAzkW9eHuXFoYnYN3yT,AE--BC-2jttAzkW9eHuXFoYnYN3yT
162,JEkChLncpYLJborLcQgGsW,AE--BC-JEkChLncpYLJborLcQgGsW
163,KoFeCbTcGZbsVMUS7e9g49,AE--BC-KoFeCbTcGZbsVMUS7e9g49
164,BHDqrtSHbB5CnEkKUsDEvn,AE--BC-BHDqrtSHbB5CnEkKUsDEvn
165,dRq2KR9tXWZfSU6pxdjEpU,AE--BC-dRq2KR9tXWZfSU6pxdjEpU
166,bxML29iZZz5KJZEdY7EKP9,AE--BC-bxML29iZZz5KJZEdY7EKP9
167,Y5Ff92LPvyuLvmnazmdHd4,AE--BC-Y5Ff92LPvyuLvmnazmdHd4
168,6gkWWPEDhK2FeD2FkYjmMX,AE--BC-6gkWWPEDhK2FeD2FkYjmMX
169,hf3UfjRAh4N8rD9LZazB2s,AE--BC-hf3UfjRAh4N8rD9LZazB2s
170,5MmYQm5JfMBFMksRSWz8pA,AE--BC-5MmYQm5JfMBFMksRSWz8pA
171,bVtyJHnYQmgN6SZpKsYD6p,AE--BC-bVtyJHnYQmgN6SZpKsYD6p
172,NRd2CEx7DkckY4yE8yMhFK,AE--BC-NRd2CEx7DkckY4yE8yMhFK
173,ZL8wsWDgPEcg8mLvLMLLzm,AE--BC-ZL8wsWDgPEcg8mLvLMLLzm
174,DGM9b7aLFFgzuEEv84geB5,AE--BC-DGM9b7aLFFgzuEEv84geB5
175,WyHJYD9KRTxojhbJLLnAwZ,AE--BC-WyHJYD9KRTxojhbJLLnAwZ
176,9cBGyrJdvSVmhGkFgPpTCZ,AE--BC-9cBGyrJdvSVmhGkFgPpTCZ
177,XPkhPonPTptHAchgQ7DXjp,AE--BC-XPkhPonPTptHAchgQ7DXjp
178,XnoSvYMrXR9xU4MJXoHDfu,AE--BC-XnoSvYMrXR9xU4MJXoHDfu
179,XYM7ijSGHW8dgTYf7vVTDf,AE--BC-XYM7ijSGHW8dgTYf7vVTDf
180,ABmMgp5ezLdQmb5bjd8tDS,AE--BC-ABmMgp5ezLdQmb5bjd8tDS
181,NJnUynCxzJxW9b7A4Xj997,AE--BC-NJnUynCxzJxW9b7A4Xj997
182,YkhvNyDAghjHVm3sA5keFP,AE--BC-YkhvNyDAghjHVm3sA5keFP
183,Q9F26NPGUU38Dm22Zisd5n,AE--BC-Q9F26NPGUU38Dm22Zisd5n
184,A9KAE3pGCSrpFnzNnEWpTu,AE--BC-A9KAE3pGCSrpFnzNnEWpTu
185,Nm99qoQ3eN3kmga42LcHk8,AE--BC-Nm99qoQ3eN3kmga42LcHk8
186,83jRGCCidiqAymtoTfmwPm,AE--BC-83jRGCCidiqAymtoTfmwPm
187,PoEZrKBmU25tHS3pvS5pgF,AE--BC-PoEZrKBmU25tHS3pvS5pgF
188,d9m6hVa2gnpjTPBSwXXpGP,AE--BC-d9m6hVa2gnpjTPBSwXXpGP
189,NRmdFWNbX3ErP9tssqJEfj,AE--BC-NRmdFWNbX3ErP9tssqJEfj
190,cXzRTQUvjsqHCFTcC3aawb,AE--BC-cXzRTQUvjsqHCFTcC3aawb
191,cmB9ioUEyigueDYZ4T3jFb,AE--BC-cmB9ioUEyigueDYZ4T3jFb
192,hkykFiDytqVMVDv7i9dDdX,AE--BC-hkykFiDytqVMVDv7i9dDdX
193,mosv6uS8NYQdor2MraEDFh,AE--BC-mosv6uS8NYQdor2MraEDFh
194,m8ftEdKh9C3Q4wRgyXKya7,AE--BC-m8ftEdKh9C3Q4wRgyXKya7
195,gzC6pujSvp6cUPHDknYfJk,AE--BC-gzC6pujSvp6cUPHDknYfJk
196,28FgZEpnp7Ft8pVuDKVRTi,AE--BC-28FgZEpnp7Ft8pVuDKVRTi
197,FTbsZ7mwGGa8MbRsvjKS8W,AE--BC-FTbsZ7mwGGa8MbRsvjKS8W
198,6jtNUxqgiLHKWazPzbGDGJ,AE--BC-6jtNUxqgiLHKWazPzbGDGJ
199,ZXRSRUorzv35m2z8VFdKRT,AE--BC-ZXRSRUorzv35m2z8VFdKRT
200,Lmc7KsVayYJLKR7pb8mMqk,AE--BC-Lmc7KsVayYJLKR7pb8mMqk
201,nzRunVTYHTS46Be6NrTwUy,AE--BC-nzRunVTYHTS46Be6NrTwUy
202,4H5pKTdvAaa7htfZujaqJD,AE--BC-4H5pKTdvAaa7htfZujaqJD
203,5tZBFAyuQiKfQWHudtHPj2,AE--BC-5tZBFAyuQiKfQWHudtHPj2
204,fuisDk7LjGnobfhEUWFTbB,AE--BC-fuisDk7LjGnobfhEUWFTbB
205,G6MnphCurZ8SZrM2skJMBC,AE--BC-G6MnphCurZ8SZrM2skJMBC
206,8UmvBRyYBGHo48siBvipkw,AE--BC-8UmvBRyYBGHo48siBvipkw
207,BUKyYqrLa9d3XDAQDryYgN,AE--BC-BUKyYqrLa9d3XDAQDryYgN
208,jdL7TMV3QjTX5STQHghS42,AE--BC-jdL7TMV3QjTX5STQHghS42
209,aKu6ZrYG2h6uZFjSq2WdpF,AE--BC-aKu6ZrYG2h6uZFjSq2WdpF
210,AB3fjoieiQfai5SM2zokHh,AE--BC-AB3fjoieiQfai5SM2zokHh
211,hLLzXWzhmayo4sJzt84qwe,AE--BC-hLLzXWzhmayo4sJzt84qwe
212,HFPAzVb8CzvFW2Z2QMUh6h,AE--BC-HFPAzVb8CzvFW2Z2QMUh6h
213,BtVxNNdauVpP7eoYSwJiVK,AE--BC-BtVxNNdauVpP7eoYSwJiVK
214,i6RRLFQCm6LSen3tgJ5xpc,AE--BC-i6RRLFQCm6LSen3tgJ5xpc
215,bbDwSHXwaeuXVbgwiXVmbi,AE--BC-bbDwSHXwaeuXVbgwiXVmbi
216,FuSNMcLh7CYgQvcuBT7FXE,AE--BC-FuSNMcLh7CYgQvcuBT7FXE
217,EGye3ZTBWpbHaDs4XzWD9K,AE--BC-EGye3ZTBWpbHaDs4XzWD9K
218,M59zeCjnDdWcM3ALPtndh7,AE--BC-M59zeCjnDdWcM3ALPtndh7
219,VrM4dPUZQcib3tozSYzB7p,AE--BC-VrM4dPUZQcib3tozSYzB7p
220,ZBXNAqtUSJ6BgLiBY3G3Zr,AE--BC-ZBXNAqtUSJ6BgLiBY3G3Zr
221,4Je6sWirSEW7UCv9WgwKrW,AE--BC-4Je6sWirSEW7UCv9WgwKrW
222,aQJ5ESbJMF93ivpwAoMhjB,AE--BC-aQJ5ESbJMF93ivpwAoMhjB
223,PbtUNf2kiwAf7CzjuJaF2i,AE--BC-PbtUNf2kiwAf7CzjuJaF2i
224,VTaNXat5KMcLWNAjjTVtAD,AE--BC-VTaNXat5KMcLWNAjjTVtAD
225,aFUEP4xG8seygsso4xGPos,AE--BC-aFUEP4xG8seygsso4xGPos
226,MfjdgqgomQkz45m68CE4Q3,AE--BC-MfjdgqgomQkz45m68CE4Q3
227,7fZcpY5BxQdmsiXgbzgK8S,AE--BC-7fZcpY5BxQdmsiXgbzgK8S
228,h5dTeNSbHhF7kHGhuDDqAV,AE--BC-h5dTeNSbHhF7kHGhuDDqAV
229,PhZ3CUPvdkezdWtW7foaxJ,AE--BC-PhZ3CUPvdkezdWtW7foaxJ
230,WraJELqJpxYsC834PpaDpR,AE--BC-WraJELqJpxYsC834PpaDpR
231,RrDTRvereyt83E6w8kaD9L,AE--BC-RrDTRvereyt83E6w8kaD9L
232,EFH8T2zyBZE5JvDeGKGgXU,AE--BC-EFH8T2zyBZE5JvDeGKGgXU
233,bFjUGEZL3czHFhd3BQdarc,AE--BC-bFjUGEZL3czHFhd3BQdarc
234,Ni9Pxi4AroBBQopiZKLayJ,AE--BC-Ni9Pxi4AroBBQopiZKLayJ
235,VDRKf5wqfWWmMSN42XFMio,AE--BC-VDRKf5wqfWWmMSN42XFMio
236,ngGNu26u85u9uBVz9xxyE4,AE--BC-ngGNu26u85u9uBVz9xxyE4
237,6K63Nnkuz9Adb4zTTJpaR2,AE--BC-6K63Nnkuz9Adb4zTTJpaR2
238,PpHbVZp5QkXMQYX9JrFwdz,AE--BC-PpHbVZp5QkXMQYX9JrFwdz
239,fPNZZFTSUGP9UbweLEiXQy,AE--BC-fPNZZFTSUGP9UbweLEiXQy
240,GeRmLai5iuZuE53wpyqaBr,AE--BC-GeRmLai5iuZuE53wpyqaBr
241,YgfHaG8MUxXfgUj2RZmdKw,AE--BC-YgfHaG8MUxXfgUj2RZmdKw
242,MvSSnGcMdW3GeKNNcPhVyc,AE--BC-MvSSnGcMdW3GeKNNcPhVyc
243,Xs7zknoNU8ty9CfjHs8nCD,AE--BC-Xs7zknoNU8ty9CfjHs8nCD
244,HMkoNnmiizAUufatHxkUXe,AE--BC-HMkoNnmiizAUufatHxkUXe
245,7w9LmkTycQG7M6g2WFHTNJ,AE--BC-7w9LmkTycQG7M6g2WFHTNJ
246,iHcXpPRptpcgBiahQMxzd6,AE--BC-iHcXpPRptpcgBiahQMxzd6
247,9ci8HtmhW5djMgeVXdmNCw,AE--BC-9ci8HtmhW5djMgeVXdmNCw
248,KFVebzmVcVFbkhUsKZAtES,AE--BC-KFVebzmVcVFbkhUsKZAtES
249,kiqVitsA3EYRHxpZpf5BM3,AE--BC-kiqVitsA3EYRHxpZpf5BM3
250,MBWZfXoMhYAv5wmdRPd3k8,AE--BC-MBWZfXoMhYAv5wmdRPd3k8
251,DCj7RN7YQ6KQt8CzRkDCQd,AE--BC-DCj7RN7YQ6KQt8CzRkDCQd
252,EUexKirkX7kbAqXPBdXFJa,AE--BC-EUexKirkX7kbAqXPBdXFJa
253,LsRnmisZfhSTzYLavaipUt,AE--BC-LsRnmisZfhSTzYLavaipUt
254,PPsvqz6hXUy3f52jFXzW9w,AE--BC-PPsvqz6hXUy3f52jFXzW9w
255,F4ySjPSb2wcuoqUrVL6GED,AE--BC-F4ySjPSb2wcuoqUrVL6GED
256,mpSYbpxyciReabmjDDq3ZB,AE--BC-mpSYbpxyciReabmjDDq3ZB
257,EK6hJymur8kRJr2AJdcmyr,AE--BC-EK6hJymur8kRJr2AJdcmyr
258,6guAGH4Gz5wbCz6VivJmKU,AE--BC-6guAGH4Gz5wbCz6VivJmKU
259,64M6vCn9ub7AbnyrFmpzGq,AE--BC-64M6vCn9ub7AbnyrFmpzGq
260,Wx4txQ2wWFbhULgmxAxnuY,AE--BC-Wx4txQ2wWFbhULgmxAxnuY
261,7B5TWXmRsoDPijMDVpDL2c,AE--BC-7B5TWXmRsoDPijMDVpDL2c
262,o28H6eRuXmiknYvi7XvbhF,AE--BC-o28H6eRuXmiknYvi7XvbhF
263,BvCFCkRJZG8wJCZLfCjkqM,AE--BC-BvCFCkRJZG8wJCZLfCjkqM
264,QvYy7CQ4pSh6XHYscHK75y,AE--BC-QvYy7CQ4pSh6XHYscHK75y
265,mVzbFM8ttPEUBtnXkU8Mtr,AE--BC-mVzbFM8ttPEUBtnXkU8Mtr
266,dhwBWoZJKxncS42DWVowhQ,AE--BC-dhwBWoZJKxncS42DWVowhQ
267,KjWEJJZGwkKXvYboQhoTjd,AE--BC-KjWEJJZGwkKXvYboQhoTjd
268,X2afMgeaePEVvLkuprYCSt,AE--BC-X2afMgeaePEVvLkuprYCSt
269,dimqfcfAhJim6rt94LVpED,AE--BC-dimqfcfAhJim6rt94LVpED
270,SejgivP6QT3RhTAirhCEos,AE--BC-SejgivP6QT3RhTAirhCEos
271,dHKE3upN3WebXqtXGSqQP5,AE--BC-dHKE3upN3WebXqtXGSqQP5
272,AJKjpLyLPCzd7yGHxdCo9v,AE--BC-AJKjpLyLPCzd7yGHxdCo9v
273,RfQPRbdyYfZz4rLmWMuKnY,AE--BC-RfQPRbdyYfZz4rLmWMuKnY
274,8uTh5NRyUmM7T9cRKFoJQs,AE--BC-8uTh5NRyUmM7T9cRKFoJQs
275,dD5F36WELYKsX7PCzw8vK6,AE--BC-dD5F36WELYKsX7PCzw8vK6
276,AmCadM2EchXfRRt9ouqAaW,AE--BC-AmCadM2EchXfRRt9ouqAaW
277,gafQkGCfJBuqEWTUEW94sa,AE--BC-gafQkGCfJBuqEWTUEW94sa
278,LV4LkcxYeXekxieG6CpCLk,AE--BC-LV4LkcxYeXekxieG6CpCLk
279,QHYKuLiHLXcyxD4yHCR9R7,AE--BC-QHYKuLiHLXcyxD4yHCR9R7
280,7qb7aWwHcnAf5aaEyuhzry,AE--BC-7qb7aWwHcnAf5aaEyuhzry
281,LKooGnpxvMCPZqnUoXjNy9,AE--BC-LKooGnpxvMCPZqnUoXjNy9
282,GCjJeodRFfRQfyXtQ7Ftgd,AE--BC-GCjJeodRFfRQfyXtQ7Ftgd
283,2vNGtWMLcK3gSaUbbX3AVQ,AE--BC-2vNGtWMLcK3gSaUbbX3AVQ
284,CnHoXB4zSmaNJMzeiYjiMc,AE--BC-CnHoXB4zSmaNJMzeiYjiMc
285,VzgfDvqpFh4UAWp2uWJZsp,AE--BC-VzgfDvqpFh4UAWp2uWJZsp
286,JAh5ge3DSeySjXHa97APNJ,AE--BC-JAh5ge3DSeySjXHa97APNJ
287,BMaKoKrytQUHKSAw2JipsN,AE--BC-BMaKoKrytQUHKSAw2JipsN
288,d2iEgJjo6qFLw6AGVtA47b,AE--BC-d2iEgJjo6qFLw6AGVtA47b
289,h7rFWNtMLxc4CVzXK2Kj3W,AE--BC-h7rFWNtMLxc4CVzXK2Kj3W
290,PVFLEuiZAssDCeSChVG4qN,AE--BC-PVFLEuiZAssDCeSChVG4qN
291,DmHx4o8Gt7JqBd78RhpnFv,AE--BC-DmHx4o8Gt7JqBd78RhpnFv
292,N8k6B9pZjwxFQdvBh8DNqr,AE--BC-N8k6B9pZjwxFQdvBh8DNqr
293,Wv6cc9783v947FRbzTMGBm,AE--BC-Wv6cc9783v947FRbzTMGBm
294,LaUHCFt6mohphELymXPYm7,AE--BC-LaUHCFt6mohphELymXPYm7
295,YSvahBrzBm7rTkLmwGCTwb,AE--BC-YSvahBrzBm7rTkLmwGCTwb
296,C3aQTh5x84n3pPgacFZW7R,AE--BC-C3aQTh5x84n3pPgacFZW7R
297,ZAuH7uVTiGVqSxpYJQdAPj,AE--BC-ZAuH7uVTiGVqSxpYJQdAPj
298,8kjommjheFWgvDNeEhA5cz,AE--BC-8kjommjheFWgvDNeEhA5cz
299,3uLur9hSzEQzGUbGVk3yA3,AE--BC-3uLur9hSzEQzGUbGVk3yA3
300,JFLG5YQuMEfn4bTcLrrPyX,AE--BC-JFLG5YQuMEfn4bTcLrrPyX
301,hsgkCviXXpFGcSLi6A3zWN,AE--BC-hsgkCviXXpFGcSLi6A3zWN
302,LazAb3FvEioB6fuaDaeia6,AE--BC-LazAb3FvEioB6fuaDaeia6
303,ikM3qii6ThJJu6QUUM5sen,AE--BC-ikM3qii6ThJJu6QUUM5sen
304,Gc9d5sPKSJjJuJY4EbaS6r,AE--BC-Gc9d5sPKSJjJuJY4EbaS6r
305,Z7uXHsCSzgiZrhqRJTQzTv,AE--BC-Z7uXHsCSzgiZrhqRJTQzTv
306,HhArT2iMDbxc5LYJkXB6Wb,AE--BC-HhArT2iMDbxc5LYJkXB6Wb
307,jpqjJ6BN3HRUJvQSfEgfFp,AE--BC-jpqjJ6BN3HRUJvQSfEgfFp
308,4WAQmGCVhk6KaPSyWCb55o,AE--BC-4WAQmGCVhk6KaPSyWCb55o
309,ZsEc84vim7vGHThHyZMMpv,AE--BC-ZsEc84vim7vGHThHyZMMpv
310,PuYAfwRoz5Ayx5qrwDAhmx,AE--BC-PuYAfwRoz5Ayx5qrwDAhmx
311,aAxd6UTtFCFjFqTPZ4Pv2C,AE--BC-aAxd6UTtFCFjFqTPZ4Pv2C
312,nkVgNVhZ5EALGNssYi9Tcg,AE--BC-nkVgNVhZ5EALGNssYi9Tcg
313,haXd2TJu7ovsCr6m5rsGvt,AE--BC-haXd2TJu7ovsCr6m5rsGvt
314,5iuHRD5QoZd93PrqRmfFoE,AE--BC-5iuHRD5QoZd93PrqRmfFoE
315,7fRwGDsP7WygBVMSmwpNFE,AE--BC-7fRwGDsP7WygBVMSmwpNFE
316,i8mPREbzW2xJ8Eip7qEvt8,AE--BC-i8mPREbzW2xJ8Eip7qEvt8
317,iy577EtxgrBcZc366wBGbp,AE--BC-iy577EtxgrBcZc366wBGbp
318,YZBdt5Z9LoE4RwZwysTt4M,AE--BC-YZBdt5Z9LoE4RwZwysTt4M
319,LTKRCpkbxNHcrVMa4RdUGP,AE--BC-LTKRCpkbxNHcrVMa4RdUGP
320,ap84QQg6ubEWE26d8FJz2L,AE--BC-ap84QQg6ubEWE26d8FJz2L
321,4FwpLfSdLpM32pohT2qepz,AE--BC-4FwpLfSdLpM32pohT2qepz
322,6BPyp4gJvrCEMtz5j8RzjM,AE--BC-6BPyp4gJvrCEMtz5j8RzjM
323,5ovsuoKZAUpsAkyYRWXJBj,AE--BC-5ovsuoKZAUpsAkyYRWXJBj
324,FHJpR2pyYtyp7sfMx4Zebd,AE--BC-FHJpR2pyYtyp7sfMx4Zebd
325,XrPHdAe4463b9v43ychNnq,AE--BC-XrPHdAe4463b9v43ychNnq
326,KuzAGZSJ9F3LrXEkRD6s3R,AE--BC-KuzAGZSJ9F3LrXEkRD6s3R
327,KgB6YLxF4SCrZVCKC7MJg8,AE--BC-KgB6YLxF4SCrZVCKC7MJg8
328,jULeTh2B5ZfrEQTBFiyP4A,AE--BC-jULeTh2B5ZfrEQTBFiyP4A
329,hcD89vGgEbEL8vDa3oxVDr,AE--BC-hcD89vGgEbEL8vDa3oxVDr
330,SAKaZtwtSvr6VKcvxD6CVT,AE--BC-SAKaZtwtSvr6VKcvxD6CVT
331,KmZnsHikKJKW4AQsq32P3D,AE--BC-KmZnsHikKJKW4AQsq32P3D
332,KByVoHmwFZto6dNJ7iD2SW,AE--BC-KByVoHmwFZto6dNJ7iD2SW
333,WSXjweWeZ5ozAJBZNaun5L,AE--BC-WSXjweWeZ5ozAJBZNaun5L
334,fRhmEvZyFKVRkdqkaRh2Qw,AE--BC-fRhmEvZyFKVRkdqkaRh2Qw
335,8NR2s3rpsEQPFzeN7YB4Xu,AE--BC-8NR2s3rpsEQPFzeN7YB4Xu
336,42vWfnNqPxqwRHfHhp9Kkb,AE--BC-42vWfnNqPxqwRHfHhp9Kkb
337,BtHD6pf6oUARTvmJrDx56H,AE--BC-BtHD6pf6oUARTvmJrDx56H
338,iDgL7XGxAABMP9qaibweTE,AE--BC-iDgL7XGxAABMP9qaibweTE
339,2LdLrfm8QA6GVy6mUJaLrQ,AE--BC-2LdLrfm8QA6GVy6mUJaLrQ
340,Eb3BjoqJDKdrVEo2yqwGsp,AE--BC-Eb3BjoqJDKdrVEo2yqwGsp
341,A2vQymd3YjYjnN28oqRwXu,AE--BC-A2vQymd3YjYjnN28oqRwXu
342,CVMrmkqUJ485p2j2uEzFJy,AE--BC-CVMrmkqUJ485p2j2uEzFJy
343,RDRnYD66QZX6okpnn3xtQ9,AE--BC-RDRnYD66QZX6okpnn3xtQ9
344,7hHuGDqndMdg38tbB8MVVm,AE--BC-7hHuGDqndMdg38tbB8MVVm
345,BWkWwectwEP9UMa8dDosDe,AE--BC-BWkWwectwEP9UMa8dDosDe
346,9V9uv8dvMD8btBC8ddXtQq,AE--BC-9V9uv8dvMD8btBC8ddXtQq
347,H6YBhrFN69DSqxogezxzhX,AE--BC-H6YBhrFN69DSqxogezxzhX
348,iLMijXr3eDfckqbYzsEnCR,AE--BC-iLMijXr3eDfckqbYzsEnCR
349,Hr69L8C7WtSz9WHKwKzaMt,AE--BC-Hr69L8C7WtSz9WHKwKzaMt
350,j8giKiXTHKdkDTgm4am6xY,AE--BC-j8giKiXTHKdkDTgm4am6xY
351,AXoMpPXBYuHi8zhpYkdW6e,AE--BC-AXoMpPXBYuHi8zhpYkdW6e
352,DduKuiPPC2pxcoiPXKKSn6,AE--BC-DduKuiPPC2pxcoiPXKKSn6
353,ifHNoMthNGL9vBhu2BtjUg,AE--BC-ifHNoMthNGL9vBhu2BtjUg
354,DUAiQeFmZabfkVrrfZ4fsz,AE--BC-DUAiQeFmZabfkVrrfZ4fsz
355,LZNBHiCzAuNLhBeZtavzDg,AE--BC-LZNBHiCzAuNLhBeZtavzDg
356,h7ChYgbPMQdPysEaJZKX5R,AE--BC-h7ChYgbPMQdPysEaJZKX5R
357,TqE3nTFRun2VAaaVDrqGzP,AE--BC-TqE3nTFRun2VAaaVDrqGzP
358,9cVNgpXMJQtdhykRx5zkME,AE--BC-9cVNgpXMJQtdhykRx5zkME
359,agDLusaD7yEM2gdjfC3H4p,AE--BC-agDLusaD7yEM2gdjfC3H4p
360,BKRMHWMHNbgC25RCtx6K6L,AE--BC-BKRMHWMHNbgC25RCtx6K6L
361,fiJLeE5HCUo2u9c2s3hJSV,AE--BC-fiJLeE5HCUo2u9c2s3hJSV
362,PcGHs7eC5vJi6u3X5Kgevx,AE--BC-PcGHs7eC5vJi6u3X5Kgevx
363,BPHvk7fZtLzQrivQ4g4wWw,AE--BC-BPHvk7fZtLzQrivQ4g4wWw
364,hgnQuUgCxn6DCNMaiL65PV,AE--BC-hgnQuUgCxn6DCNMaiL65PV
365,gh8BarAo8QrWMCv7JXLN5b,AE--BC-gh8BarAo8QrWMCv7JXLN5b
366,BK82t5kU3XUP9q5yHmqhY3,AE--BC-BK82t5kU3XUP9q5yHmqhY3
367,7RL6xwqDCVkCK4YBiEkHtY,AE--BC-7RL6xwqDCVkCK4YBiEkHtY
368,npjifp96FFrvL7Uq9CRpku,AE--BC-npjifp96FFrvL7Uq9CRpku
369,2YKTRfmx9fmDAwfKcRsqLT,AE--BC-2YKTRfmx9fmDAwfKcRsqLT
370,QtEkeY9nnJoGR5VnUJLnA6,AE--BC-QtEkeY9nnJoGR5VnUJLnA6
371,b9tL3yQAUAzWPtzFoGeTvd,AE--BC-b9tL3yQAUAzWPtzFoGeTvd
372,M8y68XkT2qK2PnNuCeCDJp,AE--BC-M8y68XkT2qK2PnNuCeCDJp
373,THXgxdtSCoGzRXs2PPKMh8,AE--BC-THXgxdtSCoGzRXs2PPKMh8
374,HhkXCVSDk2ASSPFjV52ZEy,AE--BC-HhkXCVSDk2ASSPFjV52ZEy
375,N5x3zzt4TivQMaMTSaE8cB,AE--BC-N5x3zzt4TivQMaMTSaE8cB
376,PmTRUKs2yioB25gBcXCyBZ,AE--BC-PmTRUKs2yioB25gBcXCyBZ
377,QuDiWSkAnvapzACvkWp698,AE--BC-QuDiWSkAnvapzACvkWp698
378,ERvf4uhxLRbXLvB3Fz9cDs,AE--BC-ERvf4uhxLRbXLvB3Fz9cDs
379,U5TVb4XapsbEpnMJWtXiAW,AE--BC-U5TVb4XapsbEpnMJWtXiAW
380,gNP6AsgRubykLBTKLSNtJs,AE--BC-gNP6AsgRubykLBTKLSNtJs
381,hAC6yDNU5GJCDjyg5v5rvk,AE--BC-hAC6yDNU5GJCDjyg5v5rvk
382,7H3AXVtqunGMmn3eYM2smq,AE--BC-7H3AXVtqunGMmn3eYM2smq
383,EQiQGqJycSwuLZFf7wttFw,AE--BC-EQiQGqJycSwuLZFf7wttFw
384,gQFHSqVtb7pRiF2F4S6gK2,AE--BC-gQFHSqVtb7pRiF2F4S6gK2
385,egj4JmVbH3iioGovMRxduC,AE--BC-egj4JmVbH3iioGovMRxduC
386,7EpwFWxpZuhXPADB85pPRG,AE--BC-7EpwFWxpZuhXPADB85pPRG
387,EA9wH4kKUt8MXW94PA6bKW,AE--BC-EA9wH4kKUt8MXW94PA6bKW
388,JiPYc4SEDGCQLewvyfbFgM,AE--BC-JiPYc4SEDGCQLewvyfbFgM
389,8wnK4Ypuni3KqDoirLmaPS,AE--BC-8wnK4Ypuni3KqDoirLmaPS
390,ecy9Uz6E4hzznxXPe2JJaQ,AE--BC-ecy9Uz6E4hzznxXPe2JJaQ
391,BxPH4Un3D9h3xf4S4jAMDX,AE--BC-BxPH4Un3D9h3xf4S4jAMDX
392,U5Rd3YixLZBCW57zqguz7U,AE--BC-U5Rd3YixLZBCW57zqguz7U
393,MRpjvPpnd934jThZ26n3dF,AE--BC-MRpjvPpnd934jThZ26n3dF
394,6UgGoL77kgR2JfhRQ4ni8Q,AE--BC-6UgGoL77kgR2JfhRQ4ni8Q
395,M4KXTAphtXQQzNfRcxz9rF,AE--BC-M4KXTAphtXQQzNfRcxz9rF
396,NnNErXh76BxFzXmSM6yjns,AE--BC-NnNErXh76BxFzXmSM6yjns
397,UeYCAkrFk8hYawQSvv4XMH,AE--BC-UeYCAkrFk8hYawQSvv4XMH
398,AiQLgQHXtKijLLoywoMmmm,AE--BC-AiQLgQHXtKijLLoywoMmmm
399,McUXdFoxxvR9MkvvkCiX9E,AE--BC-McUXdFoxxvR9MkvvkCiX9E
400,SzHbhySkb7kEeThcEvKbZ8,AE--BC-SzHbhySkb7kEeThcEvKbZ8
401,4YgkfeEgrUwxktthBKxpNX,AE--BC-4YgkfeEgrUwxktthBKxpNX
402,GHwuDdXREXY4kHKC43W49A,AE--BC-GHwuDdXREXY4kHKC43W49A
403,jexkpqh3naHxhtqbW5tGKJ,AE--BC-jexkpqh3naHxhtqbW5tGKJ
404,LyomFnPwTEJRkAz8tgTjTs,AE--BC-LyomFnPwTEJRkAz8tgTjTs
405,XyibmWTmuSfZ3Kqg4SbkJA,AE--BC-XyibmWTmuSfZ3Kqg4SbkJA
406,4LLT7veKGonPi8p9pifjBn,AE--BC-4LLT7veKGonPi8p9pifjBn
407,3TihrE6BgSnEe9LnQHdYX3,AE--BC-3TihrE6BgSnEe9LnQHdYX3
408,nknWJtfw93dDHPtySNkZaF,AE--BC-nknWJtfw93dDHPtySNkZaF
409,4K3WZFLbT8hWrSFwuZJCob,AE--BC-4K3WZFLbT8hWrSFwuZJCob
410,6myBkMwsvJj4bt8uENMiXA,AE--BC-6myBkMwsvJj4bt8uENMiXA
411,EHF7bdX5tfQbub5YJMzng9,AE--BC-EHF7bdX5tfQbub5YJMzng9
412,kie9vBNgyN7fiRp8yq53j4,AE--BC-kie9vBNgyN7fiRp8yq53j4
413,GYTzSdVJtsdbguuKzdBzNe,AE--BC-GYTzSdVJtsdbguuKzdBzNe
414,iK5328aPgNh7xAH9iG8p8C,AE--BC-iK5328aPgNh7xAH9iG8p8C
415,YpmkBKxcpMeZpGqfQZXZ7f,AE--BC-YpmkBKxcpMeZpGqfQZXZ7f
416,LAx9rBp2cG6j9RwCMmDEZJ,AE--BC-LAx9rBp2cG6j9RwCMmDEZJ
417,eyA8CsK7PYcinfGYfXmkF3,AE--BC-eyA8CsK7PYcinfGYfXmkF3
418,JMfRedgzGihxJawVhi99tg,AE--BC-JMfRedgzGihxJawVhi99tg
419,ifHD8sJR8UmGVA9o4TNgRM,AE--BC-ifHD8sJR8UmGVA9o4TNgRM
420,nTaKECMBGfLgMaxKaV3FSS,AE--BC-nTaKECMBGfLgMaxKaV3FSS
421,CE27H75nN57sS8EW2t8GJJ,AE--BC-CE27H75nN57sS8EW2t8GJJ
422,QoeWtVq7QEr693pq62xdpB,AE--BC-QoeWtVq7QEr693pq62xdpB
423,ENaKyEnYhtfWE8aztKtoNb,AE--BC-ENaKyEnYhtfWE8aztKtoNb
424,YqQv32SwBEQuRNixAFrwog,AE--BC-YqQv32SwBEQuRNixAFrwog
425,9qcvZyMUJmcpmRHXSAhF3R,AE--BC-9qcvZyMUJmcpmRHXSAhF3R
426,joTYqAo4BreohhXaTL7x2o,AE--BC-joTYqAo4BreohhXaTL7x2o
427,k75Xs9eWW3HjPdKYYHH8E3,AE--BC-k75Xs9eWW3HjPdKYYHH8E3
428,jGYKMEpLiBQh6NVxbeLZrf,AE--BC-jGYKMEpLiBQh6NVxbeLZrf
429,ndUtP7yqZFxq5TYGJiHZGj,AE--BC-ndUtP7yqZFxq5TYGJiHZGj
430,AsUbPcKgQYYEzYZDbPTak8,AE--BC-AsUbPcKgQYYEzYZDbPTak8
431,6t5Wd9ACz84p9dXtchx6Xh,AE--BC-6t5Wd9ACz84p9dXtchx6Xh
432,3mnyqbqRjGNu3QHg8Gec9q,AE--BC-3mnyqbqRjGNu3QHg8Gec9q
433,Sgq5ZfvrNVMtMxi7F2MENW,AE--BC-Sgq5ZfvrNVMtMxi7F2MENW
434,PYLFKXv54V4DFdXtrA8Aq4,AE--BC-PYLFKXv54V4DFdXtrA8Aq4
435,8UztZ8Fj6xnwtH7WF6ex3R,AE--BC-8UztZ8Fj6xnwtH7WF6ex3R
436,dekoi2YwnwfVwzJ8rgCjYv,AE--BC-dekoi2YwnwfVwzJ8rgCjYv
437,e38nmxyFu6Q9H8Ls9s4KR5,AE--BC-e38nmxyFu6Q9H8Ls9s4KR5
438,FZjDj9HUhdP7ya7ruhrcTo,AE--BC-FZjDj9HUhdP7ya7ruhrcTo
439,AkUNjr5Ae4BBqFnpGG5Trc,AE--BC-AkUNjr5Ae4BBqFnpGG5Trc
440,8XMyEdcijiNqeuzG3ri3Qn,AE--BC-8XMyEdcijiNqeuzG3ri3Qn
441,X3bZEn3SwExavvrkumKwmx,AE--BC-X3bZEn3SwExavvrkumKwmx
442,gQAt2peAHsR7NGABasPAnX,AE--BC-gQAt2peAHsR7NGABasPAnX
443,ETAL4CM442bESkQDNZyB8d,AE--BC-ETAL4CM442bESkQDNZyB8d
444,GbvqqaXc5juRXLfHcaytUZ,AE--BC-GbvqqaXc5juRXLfHcaytUZ
445,gueUPvA9oyxVioRpa3R4zm,AE--BC-gueUPvA9oyxVioRpa3R4zm
446,cyCEUDD8Mcvxrku3GD8R7Y,AE--BC-cyCEUDD8Mcvxrku3GD8R7Y
447,BAyB8C6AiAJzM7G2t74fDM,AE--BC-BAyB8C6AiAJzM7G2t74fDM
448,cZWFqGznhzedUWyYuQxRw5,AE--BC-cZWFqGznhzedUWyYuQxRw5
449,TgSNt9S57GEcvWNrrR7xkE,AE--BC-TgSNt9S57GEcvWNrrR7xkE
450,VXwEFcDD9eXT9yBew4nXHD,AE--BC-VXwEFcDD9eXT9yBew4nXHD
451,GQMqFHDcCgzNMk6LKSHzQ6,AE--BC-GQMqFHDcCgzNMk6LKSHzQ6
452,KgbKwUrYTJwPSQU4QVR9w3,AE--BC-KgbKwUrYTJwPSQU4QVR9w3
453,NjTo6JMvBAixNw2P69A8FL,AE--BC-NjTo6JMvBAixNw2P69A8FL
454,RR288Sd5FfE6vgz75DXVyV,AE--BC-RR288Sd5FfE6vgz75DXVyV
455,baZAc6tQA28w7bJE4Y7LmE,AE--BC-baZAc6tQA28w7bJE4Y7LmE
456,DX5edfUTca2eyDAKzdzqux,AE--BC-DX5edfUTca2eyDAKzdzqux
457,EEtUSmhZ6BY4Q79qH5cVKv,AE--BC-EEtUSmhZ6BY4Q79qH5cVKv
458,M4BHEqREn2adKSgkinrSJY,AE--BC-M4BHEqREn2adKSgkinrSJY
459,9HHnMtq4EGaJ8CAQFSTJbi,AE--BC-9HHnMtq4EGaJ8CAQFSTJbi
460,NwJgjPvu3VMyVyzRRVP3ZS,AE--BC-NwJgjPvu3VMyVyzRRVP3ZS
461,6tShXuiwHUrKAxTNkyTbBg,AE--BC-6tShXuiwHUrKAxTNkyTbBg
462,3ym6FhnUW3qbhUFES3nqXB,AE--BC-3ym6FhnUW3qbhUFES3nqXB
463,dvzJigLMv8VryTd2KMdN8H,AE--BC-dvzJigLMv8VryTd2KMdN8H
464,9yaaHmJR9dsyDJR2tXF6KT,AE--BC-9yaaHmJR9dsyDJR2tXF6KT
465,JRNSqfuYV394ZZ5WQSavrD,AE--BC-JRNSqfuYV394ZZ5WQSavrD
466,itdKq3iDPTM8PS2X26WHHm,AE--BC-itdKq3iDPTM8PS2X26WHHm
467,BKrR5ozSstG2WDVcUJRPKc,AE--BC-BKrR5ozSstG2WDVcUJRPKc
468,G4FXjvaWEZTKf2tNqqNnVU,AE--BC-G4FXjvaWEZTKf2tNqqNnVU
469,3W6hye9oSJoqZ55K8s6WqS,AE--BC-3W6hye9oSJoqZ55K8s6WqS
470,FkBquMpmkUurDxLMnmoEzS,AE--BC-FkBquMpmkUurDxLMnmoEzS
471,iwe6XvyLetJKX4hXZRyMM5,AE--BC-iwe6XvyLetJKX4hXZRyMM5
472,4WP5ymxjFFmZJaddCCiGke,AE--BC-4WP5ymxjFFmZJaddCCiGke
473,UVBLBYa64xwjhRMA2pPXCQ,AE--BC-UVBLBYa64xwjhRMA2pPXCQ
474,4VBooCYnqgyDJE5K6JvQn8,AE--BC-4VBooCYnqgyDJE5K6JvQn8
475,3de5i4Bam9GqHFnsnAZtwe,AE--BC-3de5i4Bam9GqHFnsnAZtwe
476,mqrUTojCFgH9a6t9emjp7A,AE--BC-mqrUTojCFgH9a6t9emjp7A
477,o27eeRaCJ9mDZJHX8VsQmx,AE--BC-o27eeRaCJ9mDZJHX8VsQmx
478,YFGMjs2MrytNbLrQ22Pmbo,AE--BC-YFGMjs2MrytNbLrQ22Pmbo
479,Dx3jBJAGnxWZNXhcQZrsjs,AE--BC-Dx3jBJAGnxWZNXhcQZrsjs
480,BZ9Qa9A8R2Rv2yv5nFtrnK,AE--BC-BZ9Qa9A8R2Rv2yv5nFtrnK
481,hAWsXJFbcW3aQL3xBTuxiZ,AE--BC-hAWsXJFbcW3aQL3xBTuxiZ
482,jt73b3YPnLmiGN7yn7kbKE,AE--BC-jt73b3YPnLmiGN7yn7kbKE
483,d7hnE4UfsFzJLUF8ocSs5u,AE--BC-d7hnE4UfsFzJLUF8ocSs5u
484,iVnaxKFBSqQiw5xYaX4DmW,AE--BC-iVnaxKFBSqQiw5xYaX4DmW
485,BqyQjCWWKZFJXeS7t839mY,AE--BC-BqyQjCWWKZFJXeS7t839mY
486,Hdz5mNQiY5ZqtEBH5CBndx,AE--BC-Hdz5mNQiY5ZqtEBH5CBndx
487,Ho2BszSbzceR4WPq9DjjrN,AE--BC-Ho2BszSbzceR4WPq9DjjrN
488,T3XpQSsVqHa6kFzcbi9UHG,AE--BC-T3XpQSsVqHa6kFzcbi9UHG
489,XubPqPu6tbZD3aZ3uLiy74,AE--BC-XubPqPu6tbZD3aZ3uLiy74
490,UKqmTEtLjsdXhfPJ9VBb6q,AE--BC-UKqmTEtLjsdXhfPJ9VBb6q
491,VeajRyWuZAbFREgd6VJEAj,AE--BC-VeajRyWuZAbFREgd6VJEAj
492,N6jKuteG39MN5pUirge2jB,AE--BC-N6jKuteG39MN5pUirge2jB
493,SWSV3znzCN4pok3D84HMKL,AE--BC-SWSV3znzCN4pok3D84HMKL
494,dCj29DwiLM4usJC2FvaT6V,AE--BC-dCj29DwiLM4usJC2FvaT6V
495,e6KKHN9zwdcaLpHeX68oxv,AE--BC-e6KKHN9zwdcaLpHeX68oxv
496,MXgkBvp98VjvLQ2djc4j4X,AE--BC-MXgkBvp98VjvLQ2djc4j4X
497,cNHtCJKVffyPuXNQ5qkgWt,AE--BC-cNHtCJKVffyPuXNQ5qkgWt
498,4vqfuoa7t7K8bwCcXNFauf,AE--BC-4vqfuoa7t7K8bwCcXNFauf
499,KsZMozFpo34opysqcJj8ra,AE--BC-KsZMozFpo34opysqcJj8ra
500,ieXhBTWraVjqTShke2CaLx,AE--BC-ieXhBTWraVjqTShke2CaLx
501,Qg5rF6MSu3BFjkqgN8ChyF,AE--BC-Qg5rF6MSu3BFjkqgN8ChyF
502,2NbEUdPW7BxdPWrdbBsFeB,AE--BC-2NbEUdPW7BxdPWrdbBsFeB
503,VEXLhLqc74UL5uR9UfoE36,AE--BC-VEXLhLqc74UL5uR9UfoE36
504,NASUbnkNXcKjpjn8PGmYWJ,AE--BC-NASUbnkNXcKjpjn8PGmYWJ
505,BipqzMCBoKzaxXzyWAMi9u,AE--BC-BipqzMCBoKzaxXzyWAMi9u
506,jWwtf55jFNdEquikad8239,AE--BC-jWwtf55jFNdEquikad8239
507,TB2HusTKrdfBoYSnCTFBrH,AE--BC-TB2HusTKrdfBoYSnCTFBrH
508,XPc6qjomyrMvqCLsHL4ELY,AE--BC-XPc6qjomyrMvqCLsHL4ELY
509,Pb8xFgDVLwT3rDYmDT6MFH,AE--BC-Pb8xFgDVLwT3rDYmDT6MFH
510,HbZtjXdeVYmot4wfwia8Bz,AE--BC-HbZtjXdeVYmot4wfwia8Bz
511,HjuU26LTUd7Zi3MtneF9vL,AE--BC-HjuU26LTUd7Zi3MtneF9vL
512,MX3KNRHzojfwmRUMyjU9Fs,AE--BC-MX3KNRHzojfwmRUMyjU9Fs
513,cA3FxLaPKuFrqPhtk3nyHK,AE--BC-cA3FxLaPKuFrqPhtk3nyHK
514,HSdvSYBJhtr6r5pT57xj78,AE--BC-HSdvSYBJhtr6r5pT57xj78
515,EfVb94vgSoknrHjhMNQamS,AE--BC-EfVb94vgSoknrHjhMNQamS
516,j76Tsnkgjz86hGMw9zSVC2,AE--BC-j76Tsnkgjz86hGMw9zSVC2
517,9VoaztNQutSYdCf9RWZiLz,AE--BC-9VoaztNQutSYdCf9RWZiLz
518,mom6yNQtNVj9bgwFVEyaUp,AE--BC-mom6yNQtNVj9bgwFVEyaUp
519,mG9bciQFgcQ99328u9B2ue,AE--BC-mG9bciQFgcQ99328u9B2ue
520,NWUtDUCfuXjb7E9cfeDThP,AE--BC-NWUtDUCfuXjb7E9cfeDThP
521,mxDrfhL2WYxRSXiZafLEsV,AE--BC-mxDrfhL2WYxRSXiZafLEsV
522,ExJphyjtZXVpwKynafnKLZ,AE--BC-ExJphyjtZXVpwKynafnKLZ
523,ZqDRZw9yLP4wnV7svehuRF,AE--BC-ZqDRZw9yLP4wnV7svehuRF
524,GFe5tuFHYsAmxApTzGf42P,AE--BC-GFe5tuFHYsAmxApTzGf42P
525,9x99ekNEQa7oRKuvCxaEjz,AE--BC-9x99ekNEQa7oRKuvCxaEjz
526,mWzJNWgFJJeW6ZEBzGKBvz,AE--BC-mWzJNWgFJJeW6ZEBzGKBvz
527,X5ScD3uirnyV5JnqsRutGb,AE--BC-X5ScD3uirnyV5JnqsRutGb
528,8d2R9WActp8QpdT2Jq68fw,AE--BC-8d2R9WActp8QpdT2Jq68fw
529,9EjTCYvVqqJKC7uTQBw8gB,AE--BC-9EjTCYvVqqJKC7uTQBw8gB
530,9yAD4v5RxRFmjCYGxiiti2,AE--BC-9yAD4v5RxRFmjCYGxiiti2
531,T56Qd2qHxajFPj55c2SbDP,AE--BC-T56Qd2qHxajFPj55c2SbDP
532,WV6keyVrNrbADM8cRRRiTz,AE--BC-WV6keyVrNrbADM8cRRRiTz
533,ZUX4UQ5xZnLL8zSbXiNjLf,AE--BC-ZUX4UQ5xZnLL8zSbXiNjLf
534,St8j8TwEowdqvpB9RAq58i,AE--BC-St8j8TwEowdqvpB9RAq58i
535,f2QRVPpB24meFXmLtxwXRA,AE--BC-f2QRVPpB24meFXmLtxwXRA
536,CinTyjgATyKmdZGxCrS3zC,AE--BC-CinTyjgATyKmdZGxCrS3zC
537,PUY2z729fiqErEV4zrkpX9,AE--BC-PUY2z729fiqErEV4zrkpX9
538,kSttoDUJzSJVZYJ3hXcZgn,AE--BC-kSttoDUJzSJVZYJ3hXcZgn
539,gyLeDEbfjPCazCUHUWzoaK,AE--BC-gyLeDEbfjPCazCUHUWzoaK
540,aE8kCPMYe25pxyEbd5MeiV,AE--BC-aE8kCPMYe25pxyEbd5MeiV
541,XyCTCPZUt6ee3uaNLNDXmG,AE--BC-XyCTCPZUt6ee3uaNLNDXmG
542,5p8idYFeUTbDBihZ2CiEVX,AE--BC-5p8idYFeUTbDBihZ2CiEVX
543,GukufqZKusMjPiiKEoHzdm,AE--BC-GukufqZKusMjPiiKEoHzdm
544,Y8UFEfHeaBQNFoopNjeyKf,AE--BC-Y8UFEfHeaBQNFoopNjeyKf
545,UeaENy8K5WUv2UMwVxLsmV,AE--BC-UeaENy8K5WUv2UMwVxLsmV
546,jHxpnYDaMxrfMsLz3oYhYV,AE--BC-jHxpnYDaMxrfMsLz3oYhYV
547,MmzY8Zq8SYoVRegkNdxcnf,AE--BC-MmzY8Zq8SYoVRegkNdxcnf
548,aAuKELm7hhUQkAxB7P8Kzg,AE--BC-aAuKELm7hhUQkAxB7P8Kzg
549,U7QP9ttum3wNsPjimLpdMA,AE--BC-U7QP9ttum3wNsPjimLpdMA
550,EtqbWqffGG55v5aSiBDCBQ,AE--BC-EtqbWqffGG55v5aSiBDCBQ
551,LZA7GxJBtiFjEgQUHumdZQ,AE--BC-LZA7GxJBtiFjEgQUHumdZQ
552,FXu88xi3oB4fJYJ45ZmWeV,AE--BC-FXu88xi3oB4fJYJ45ZmWeV
553,jLEaDT6tnYfCTtQWtic34k,AE--BC-jLEaDT6tnYfCTtQWtic34k
554,hP3qnfnvpYpmxUewnJMUnN,AE--BC-hP3qnfnvpYpmxUewnJMUnN
555,GUoM9LLMv3quDh39D6Puio,AE--BC-GUoM9LLMv3quDh39D6Puio
556,8keMB6tSxfAD76othUK4CL,AE--BC-8keMB6tSxfAD76othUK4CL
557,nDYpWSAqq8BiXcajdSw5hM,AE--BC-nDYpWSAqq8BiXcajdSw5hM
558,T4anTXjCcTZWjWL62DytUK,AE--BC-T4anTXjCcTZWjWL62DytUK
559,8cageXnq5Fn8EeZRYLguxC,AE--BC-8cageXnq5Fn8EeZRYLguxC
560,7ghPGXMzQv6NUHDqRaiLW8,AE--BC-7ghPGXMzQv6NUHDqRaiLW8
561,9fuTkrQvSdL6GfwPvgTiKX,AE--BC-9fuTkrQvSdL6GfwPvgTiKX
562,faJwZwXoZgV6wJm8kPuCsf,AE--BC-faJwZwXoZgV6wJm8kPuCsf
563,fp5Az8FBM6GEyNKyVtXX9Y,AE--BC-fp5Az8FBM6GEyNKyVtXX9Y
564,FnwiPuo6e6YEgXweqxLAT3,AE--BC-FnwiPuo6e6YEgXweqxLAT3
565,fWCGwrSdZCy97RYjkbYfm3,AE--BC-fWCGwrSdZCy97RYjkbYfm3
566,9SVcPTUkBZUeo8daU34hZ4,AE--BC-9SVcPTUkBZUeo8daU34hZ4
567,QmWp4hHgvBc6ooa9fNdeVF,AE--BC-QmWp4hHgvBc6ooa9fNdeVF
568,NpX2Qt2UgREnLQWJVuASdc,AE--BC-NpX2Qt2UgREnLQWJVuASdc
569,NxnKsD3V8gVgxW8XJj4ERy,AE--BC-NxnKsD3V8gVgxW8XJj4ERy
570,WTQBom82ak23atWx3Qn7cF,AE--BC-WTQBom82ak23atWx3Qn7cF
571,2iPMQKQHokgMkcKMphR8WF,AE--BC-2iPMQKQHokgMkcKMphR8WF
572,2WJCc34TUtP7z6zXH8YR5s,AE--BC-2WJCc34TUtP7z6zXH8YR5s
573,VfDTZcHd7XVEHtsLntS8Fb,AE--BC-VfDTZcHd7XVEHtsLntS8Fb
574,Kvhvcvo9GNtPHY7XVsZ7Cb,AE--BC-Kvhvcvo9GNtPHY7XVsZ7Cb
575,DiYbUbHK8kTpieW3gmqRin,AE--BC-DiYbUbHK8kTpieW3gmqRin
576,LHaimSehtwakXDg9SH4zVp,AE--BC-LHaimSehtwakXDg9SH4zVp
577,gWKhMqVXvveE2cTUmYD6eL,AE--BC-gWKhMqVXvveE2cTUmYD6eL
578,ERHstuiby6Lv6DjY2RDf7y,AE--BC-ERHstuiby6Lv6DjY2RDf7y
579,AZwhRBRpRzg9zKzJPqtFDD,AE--BC-AZwhRBRpRzg9zKzJPqtFDD
580,WCcQYL2NvzWMdkvGrEuQFt,AE--BC-WCcQYL2NvzWMdkvGrEuQFt
581,MQ8nKsKRhvdppurqU22Nb8,AE--BC-MQ8nKsKRhvdppurqU22Nb8
582,ANpXFyPVEoiBRZfhNuLmZC,AE--BC-ANpXFyPVEoiBRZfhNuLmZC
583,jipH44AzZfBn3q2U5cUjgR,AE--BC-jipH44AzZfBn3q2U5cUjgR
584,eL2i6XxMwrDFFKuBfXyBVT,AE--BC-eL2i6XxMwrDFFKuBfXyBVT
585,6TMscHejeDnsU5cxA5KnkE,AE--BC-6TMscHejeDnsU5cxA5KnkE
586,5RrvKj7sEJks5sYGTetSPn,AE--BC-5RrvKj7sEJks5sYGTetSPn
587,7NJ6GbwMniYJQyCu5T7ffB,AE--BC-7NJ6GbwMniYJQyCu5T7ffB
588,46mj5xJaRp6PNaUqNz3fuW,AE--BC-46mj5xJaRp6PNaUqNz3fuW
589,4nnuftWp7AWuVtP6FgjpuC,AE--BC-4nnuftWp7AWuVtP6FgjpuC
590,4hdDkhVYipVzExsNrqAWCp,AE--BC-4hdDkhVYipVzExsNrqAWCp
591,KWzhMy2y5daKePo5wGco8J,AE--BC-KWzhMy2y5daKePo5wGco8J
592,8z5gC4KpCeq5S3oYNopb4i,AE--BC-8z5gC4KpCeq5S3oYNopb4i
593,MJN3C5299E234JaL4YU4Sg,AE--BC-MJN3C5299E234JaL4YU4Sg
594,kTRgb33cjMfr2zJyX2bT7H,AE--BC-kTRgb33cjMfr2zJyX2bT7H
595,FTwFWsRPoUcw7RunX897Gf,AE--BC-FTwFWsRPoUcw7RunX897Gf
596,9ot6eP8utuUJXqF2EAPet9,AE--BC-9ot6eP8utuUJXqF2EAPet9
597,FdJFP8W3AiduppcDEQVXG8,AE--BC-FdJFP8W3AiduppcDEQVXG8
598,XkSA5T6uUZjUYLNtoyaRMj,AE--BC-XkSA5T6uUZjUYLNtoyaRMj
599,96kYYs82yPgUvB3QnErVmN,AE--BC-96kYYs82yPgUvB3QnErVmN
600,WqgMBsaDpPqAkSTiiZeDw4,AE--BC-WqgMBsaDpPqAkSTiiZeDw4
601,SrKrzGGhuXx8LPQ2oMvVfB,AE--BC-SrKrzGGhuXx8LPQ2oMvVfB
602,ESpQ3o3Mp7SbGx2Q6aUjsG,AE--BC-ESpQ3o3Mp7SbGx2Q6aUjsG
603,g8UHri7jyafwQbReW9Ak2M,AE--BC-g8UHri7jyafwQbReW9Ak2M
604,gMgcu9eLxpbXEhA3f5stKt,AE--BC-gMgcu9eLxpbXEhA3f5stKt
605,c35apGxHCQyZgMYBu6gLVy,AE--BC-c35apGxHCQyZgMYBu6gLVy
606,FZa6fZNxGkSqu8oTrM3eP6,AE--BC-FZa6fZNxGkSqu8oTrM3eP6
607,ndD4r8yAUwJgn2Zh6byqHY,AE--BC-ndD4r8yAUwJgn2Zh6byqHY
608,eExJNWYr8xkNmdYY6JkuXW,AE--BC-eExJNWYr8xkNmdYY6JkuXW
609,kKugTU27dzmjbhmRFsFUR3,AE--BC-kKugTU27dzmjbhmRFsFUR3
610,h9KYceAXm5zP9bUga4RWCT,AE--BC-h9KYceAXm5zP9bUga4RWCT
611,4W2tGXAFW6smprHYGCbetG,AE--BC-4W2tGXAFW6smprHYGCbetG
612,5h6oiM3whFKpbSNTnLeJCC,AE--BC-5h6oiM3whFKpbSNTnLeJCC
613,fKoTyRpA9f73xL7fzLXFf2,AE--BC-fKoTyRpA9f73xL7fzLXFf2
614,NyfMFyBZwMKEr4cxWwjFEN,AE--BC-NyfMFyBZwMKEr4cxWwjFEN
615,9tnseJqvNBgKg4LeGxtXuc,AE--BC-9tnseJqvNBgKg4LeGxtXuc
616,HnU9z3k3xCDpzmtmpMawzu,AE--BC-HnU9z3k3xCDpzmtmpMawzu
617,hiwSxM5yJmaEDgATk4AkSV,AE--BC-hiwSxM5yJmaEDgATk4AkSV
618,KYiwWaQuWjVQ4ULDqkwLYj,AE--BC-KYiwWaQuWjVQ4ULDqkwLYj
619,c84iJzrvGWJiTqmky8cm2A,AE--BC-c84iJzrvGWJiTqmky8cm2A
620,QDnp5WgBcqrV64pA3Zf6qJ,AE--BC-QDnp5WgBcqrV64pA3Zf6qJ
621,EzPRZeNEjXG5G5G7Z2ZdMg,AE--BC-EzPRZeNEjXG5G5G7Z2ZdMg
622,FbqyPhqhg7T6JRJceaGgmR,AE--BC-FbqyPhqhg7T6JRJceaGgmR
623,TetjBWCKTDsNzjGopwbgUJ,AE--BC-TetjBWCKTDsNzjGopwbgUJ
624,TtnWvnSD7mwPaJQggr8uRK,AE--BC-TtnWvnSD7mwPaJQggr8uRK
625,CFJJEgVsB7J7ws5yWwkpjV,AE--BC-CFJJEgVsB7J7ws5yWwkpjV
626,nMRCDoUEFxjymbdLqJwB2A,AE--BC-nMRCDoUEFxjymbdLqJwB2A
627,2JUbV2yhue9k5ggjwNLaNd,AE--BC-2JUbV2yhue9k5ggjwNLaNd
628,mgmpWA6vGRMCnwLmkAzioc,AE--BC-mgmpWA6vGRMCnwLmkAzioc
629,S6jRde5XUVVDmTFd4T4wsJ,AE--BC-S6jRde5XUVVDmTFd4T4wsJ
630,fMeJJHZxEtwfUkW48PB5m7,AE--BC-fMeJJHZxEtwfUkW48PB5m7
631,SrmWmMu2WEXUD79WrgvQ3Z,AE--BC-SrmWmMu2WEXUD79WrgvQ3Z
632,mxQgjqvoPTnBz8xSmMgZyM,AE--BC-mxQgjqvoPTnBz8xSmMgZyM
633,oUnQGwFGnARu89YJ2s8QFq,AE--BC-oUnQGwFGnARu89YJ2s8QFq
634,BfDgbXCrAFtJiaXXV8vaLg,AE--BC-BfDgbXCrAFtJiaXXV8vaLg
635,aqd5JBMsVZaxCEaYd26FT7,AE--BC-aqd5JBMsVZaxCEaYd26FT7
636,gennLLzCooTQLKY79nTzBz,AE--BC-gennLLzCooTQLKY79nTzBz
637,QGS8siWm2zEonZFnCX3D54,AE--BC-QGS8siWm2zEonZFnCX3D54
638,EAtRUKJGWhS2xzWbNa7xU3,AE--BC-EAtRUKJGWhS2xzWbNa7xU3
639,NsxSkTe2s2p56ePTueR3AY,AE--BC-NsxSkTe2s2p56ePTueR3AY
640,E7b3pirjAgyzYMydk66qnv,AE--BC-E7b3pirjAgyzYMydk66qnv
641,GjEjeohvXDpfFdsijaMqY8,AE--BC-GjEjeohvXDpfFdsijaMqY8
642,eNzud735SsKS3jBeABz62E,AE--BC-eNzud735SsKS3jBeABz62E
643,86go5mJkz9LjR6VTmvyb9Z,AE--BC-86go5mJkz9LjR6VTmvyb9Z
644,jTTzxeZw3imUTg4rDcvGAM,AE--BC-jTTzxeZw3imUTg4rDcvGAM
645,9AJQ5H8PaWuZntY7AF8j6k,AE--BC-9AJQ5H8PaWuZntY7AF8j6k
646,dxvt7mTrKX3UqdBopy4RuH,AE--BC-dxvt7mTrKX3UqdBopy4RuH
647,kPWWNV2RLW6aFDDAxqgZs2,AE--BC-kPWWNV2RLW6aFDDAxqgZs2
648,ZjVLvHWuJLewJo3E7TMb7f,AE--BC-ZjVLvHWuJLewJo3E7TMb7f
649,Vp9j2dQ53DkhRG7WcbakFQ,AE--BC-Vp9j2dQ53DkhRG7WcbakFQ
650,DPiZ9saRfeje3hUuMycs3X,AE--BC-DPiZ9saRfeje3hUuMycs3X
651,WjgNLBM3R2xc6bD9RMCJ7Y,AE--BC-WjgNLBM3R2xc6bD9RMCJ7Y
652,JaZxiDAJfHRaCdqka5PhNf,AE--BC-JaZxiDAJfHRaCdqka5PhNf
653,2b8NfrBEj6tec25JwxVm7G,AE--BC-2b8NfrBEj6tec25JwxVm7G
654,k2uJCree6PNVtsrRHgcruB,AE--BC-k2uJCree6PNVtsrRHgcruB
655,ZvaRm6d8s7u4HLJH2maJTW,AE--BC-ZvaRm6d8s7u4HLJH2maJTW
656,UnjFZtrkaKATtbDdd2sxoj,AE--BC-UnjFZtrkaKATtbDdd2sxoj
657,fih5oaB2tPpKJSkdWUBAzb,AE--BC-fih5oaB2tPpKJSkdWUBAzb
658,CRnYzSEmNFUb4YBWfeqRRH,AE--BC-CRnYzSEmNFUb4YBWfeqRRH
659,cKHJtCzkBdYNR9JveLUsNA,AE--BC-cKHJtCzkBdYNR9JveLUsNA
660,c9wWijaspXLPGdxx3gHkBE,AE--BC-c9wWijaspXLPGdxx3gHkBE
661,WL3dNWydFmcWVpH5R63hgX,AE--BC-WL3dNWydFmcWVpH5R63hgX
662,iCkAqmFJB2qtccUXMyU96P,AE--BC-iCkAqmFJB2qtccUXMyU96P
663,e22PQg8iNnfLEbqDY5uEdZ,AE--BC-e22PQg8iNnfLEbqDY5uEdZ
664,K27MLzD675LL84KaVJjiw2,AE--BC-K27MLzD675LL84KaVJjiw2
665,gaZnD7nJkVmoac8zcQvC5g,AE--BC-gaZnD7nJkVmoac8zcQvC5g
666,K6NuWaPmkjrBHUrgftVwAq,AE--BC-K6NuWaPmkjrBHUrgftVwAq
667,23jSqYUe2stJRjeR3iHadH,AE--BC-23jSqYUe2stJRjeR3iHadH
668,hm4mhC6c9P2GzcFze5KBDq,AE--BC-hm4mhC6c9P2GzcFze5KBDq
669,aHgH9Q6xzK458oVpMStioH,AE--BC-aHgH9Q6xzK458oVpMStioH
670,S3kpq3NTRhgwZiQoupGCKK,AE--BC-S3kpq3NTRhgwZiQoupGCKK
671,XLb5qGVHyAButHfK9fmPi3,AE--BC-XLb5qGVHyAButHfK9fmPi3
672,WhnTB6e6TcWd9ajpYGUk8U,AE--BC-WhnTB6e6TcWd9ajpYGUk8U
673,ULxQbYki4CJcFmynaVZUdH,AE--BC-ULxQbYki4CJcFmynaVZUdH
674,kNFS23hfCq2bCqMB6L8YHe,AE--BC-kNFS23hfCq2bCqMB6L8YHe
675,AU94STQUYG9CRkEMiPBFAG,AE--BC-AU94STQUYG9CRkEMiPBFAG
676,ZSgWmhqn5dCECKZDxoyefW,AE--BC-ZSgWmhqn5dCECKZDxoyefW
677,GnAJKXczaVwrT2qFZftWdn,AE--BC-GnAJKXczaVwrT2qFZftWdn
678,7DGHadJfK4zNt5hLrQdzbP,AE--BC-7DGHadJfK4zNt5hLrQdzbP
679,dvemPAuwbX96Jk27oN6MPB,AE--BC-dvemPAuwbX96Jk27oN6MPB
680,cjS3yf3Jb8WLy4ACBZ9MgL,AE--BC-cjS3yf3Jb8WLy4ACBZ9MgL
681,DXe2Ru2BhKzEbgwssu9gPd,AE--BC-DXe2Ru2BhKzEbgwssu9gPd
682,gffUHSLovWVAWERXWGHNNb,AE--BC-gffUHSLovWVAWERXWGHNNb
683,KDHhBgNTKbejpmEgxr2TFr,AE--BC-KDHhBgNTKbejpmEgxr2TFr
684,TEhySwtcbubh6XBpRAZS2Y,AE--BC-TEhySwtcbubh6XBpRAZS2Y
685,M4N8oR9xwXMcDNGfQfKfHp,AE--BC-M4N8oR9xwXMcDNGfQfKfHp
686,evKm2ZAaPrUB4wspKuzfAc,AE--BC-evKm2ZAaPrUB4wspKuzfAc
687,EU5AeKmMpss2m5J3YoanY6,AE--BC-EU5AeKmMpss2m5J3YoanY6
688,jwPFbeSVhBvCrTfVi8qNuh,AE--BC-jwPFbeSVhBvCrTfVi8qNuh
689,2aqdVyq6TzPuAuSgc8HCdY,AE--BC-2aqdVyq6TzPuAuSgc8HCdY
690,RgKgshWkgAbYPqdbhRhem7,AE--BC-RgKgshWkgAbYPqdbhRhem7
691,fj3kKEKtzsViWvEZN3vXLR,AE--BC-fj3kKEKtzsViWvEZN3vXLR
692,EvRex56Xtyq7gudkRiBkax,AE--BC-EvRex56Xtyq7gudkRiBkax
693,44fb93Jr9xdnySsLwUfNNX,AE--BC-44fb93Jr9xdnySsLwUfNNX
694,DrE9udujWepP3tew8dV9qW,AE--BC-DrE9udujWepP3tew8dV9qW
695,U5k2KxQf7zvBzQkcBdrNkd,AE--BC-U5k2KxQf7zvBzQkcBdrNkd
696,ktgVAVFb6cq35sJBijSMdM,AE--BC-ktgVAVFb6cq35sJBijSMdM
697,Y8Q9TTf9ugGU8VnzBZawxn,AE--BC-Y8Q9TTf9ugGU8VnzBZawxn
698,CcR7qad2jAkuTYfwGNDhca,AE--BC-CcR7qad2jAkuTYfwGNDhca
699,hpeDmeG75dNY3MWgt9qePW,AE--BC-hpeDmeG75dNY3MWgt9qePW
700,KFK8epDHfpvwAT9pBhYhPv,AE--BC-KFK8epDHfpvwAT9pBhYhPv
701,9Kr2uJ9UtWbye7hjuAtTzE,AE--BC-9Kr2uJ9UtWbye7hjuAtTzE
702,RLHtzRDWCu74zxhWypCaiy,AE--BC-RLHtzRDWCu74zxhWypCaiy
703,kCmEwbRgT3SrucxMsXX9yx,AE--BC-kCmEwbRgT3SrucxMsXX9yx
704,k9YK4GFLZoPhPPXFKxP4yp,AE--BC-k9YK4GFLZoPhPPXFKxP4yp
705,AmnjjgBfsyBZZPU8seHotU,AE--BC-AmnjjgBfsyBZZPU8seHotU
706,hbtNMVQxCB5RE6bPi9CjMF,AE--BC-hbtNMVQxCB5RE6bPi9CjMF
707,bPc3b9Vm2zYoyHGzZd7YW4,AE--BC-bPc3b9Vm2zYoyHGzZd7YW4
708,YAC2YeBAK8LbkVb2cNGqtC,AE--BC-YAC2YeBAK8LbkVb2cNGqtC
709,7bMWkwz7KTXABXBCrtbymE,AE--BC-7bMWkwz7KTXABXBCrtbymE
710,PiRnD5iTR7ciGpaSxQowqQ,AE--BC-PiRnD5iTR7ciGpaSxQowqQ
711,94iqArrty2FQwTpHjfgur9,AE--BC-94iqArrty2FQwTpHjfgur9
712,QkKmCykb7f5ZCSMZYc3UYM,AE--BC-QkKmCykb7f5ZCSMZYc3UYM
713,b8iHSzErRKeVgM5XgV5KmU,AE--BC-b8iHSzErRKeVgM5XgV5KmU
714,a8MwxpwcWNsb8Ynzx7tsPe,AE--BC-a8MwxpwcWNsb8Ynzx7tsPe
715,NHRLzE5GxqDSGQd5W2hrD9,AE--BC-NHRLzE5GxqDSGQd5W2hrD9
716,4uQzgMjsp7JJwiufb5vfgU,AE--BC-4uQzgMjsp7JJwiufb5vfgU
717,czSzZXdHXfbNZwV7k5Xo6M,AE--BC-czSzZXdHXfbNZwV7k5Xo6M
718,hkB4vYZ4NQRB4LeFqhusf3,AE--BC-hkB4vYZ4NQRB4LeFqhusf3
719,FjrYUWVt4EVW9N9SKmyzsk,AE--BC-FjrYUWVt4EVW9N9SKmyzsk
720,23TUVGpGDuxfWrAoX87wyE,AE--BC-23TUVGpGDuxfWrAoX87wyE
721,2fr6BtgjHM49wNcXUmy5Yw,AE--BC-2fr6BtgjHM49wNcXUmy5Yw
722,jzvvG7azbQNK4r9xmEHjQ7,AE--BC-jzvvG7azbQNK4r9xmEHjQ7
723,ESzsuu4UDnm6Fqxt7FRaXH,AE--BC-ESzsuu4UDnm6Fqxt7FRaXH
724,joZXDTPEbzua7D6rxKF7fs,AE--BC-joZXDTPEbzua7D6rxKF7fs
725,fjnoVUVPHynR5fgH8pvxi6,AE--BC-fjnoVUVPHynR5fgH8pvxi6
726,BP9gHk7hnBEmbGGciyDs24,AE--BC-BP9gHk7hnBEmbGGciyDs24
727,W5qUMf7zoW653oBEcRgsgY,AE--BC-W5qUMf7zoW653oBEcRgsgY
728,WwSDE5KUpJXgNwENvB7sY5,AE--BC-WwSDE5KUpJXgNwENvB7sY5
729,27PhNttDW7a7S4MDuBgBpy,AE--BC-27PhNttDW7a7S4MDuBgBpy
730,hRPoFyBrzHfjHkCFGqSHsq,AE--BC-hRPoFyBrzHfjHkCFGqSHsq
731,k6wndh8XTuD2bw3ERurWGH,AE--BC-k6wndh8XTuD2bw3ERurWGH
732,GrJYJYXrTz4FGweecNEtPh,AE--BC-GrJYJYXrTz4FGweecNEtPh
733,jmikX8BJDvPREvYMEZHw5X,AE--BC-jmikX8BJDvPREvYMEZHw5X
734,CtsZXCtrdYd5av9SoBK67F,AE--BC-CtsZXCtrdYd5av9SoBK67F
735,HbXpLNJqTpqAyVPWm7BmME,AE--BC-HbXpLNJqTpqAyVPWm7BmME
736,APVSAeLeuBcwxmCRYZcZkL,AE--BC-APVSAeLeuBcwxmCRYZcZkL
737,Bd65Z39F4pxHuvEz7hLBrA,AE--BC-Bd65Z39F4pxHuvEz7hLBrA
738,n5DD89K2Vfsd9QrQFsgFpA,AE--BC-n5DD89K2Vfsd9QrQFsgFpA
739,2cB8Jjsk6NTVkkvjGKvmz7,AE--BC-2cB8Jjsk6NTVkkvjGKvmz7
740,WYUAQMMADBHRWNtY7v3jVA,AE--BC-WYUAQMMADBHRWNtY7v3jVA
741,Q3fq2QWbG9aSUpY9d2bmfc,AE--BC-Q3fq2QWbG9aSUpY9d2bmfc
742,EEkJhpDK3wMZidY7ixfZev,AE--BC-EEkJhpDK3wMZidY7ixfZev
743,cmKUhhn7TRZSdifZkkcFY6,AE--BC-cmKUhhn7TRZSdifZkkcFY6
744,RX5bixvwrr6WRcbhYFb9dT,AE--BC-RX5bixvwrr6WRcbhYFb9dT
745,HjpnnQkw3by99PXc3Ksg2Q,AE--BC-HjpnnQkw3by99PXc3Ksg2Q
746,SiVmtDJjBBovRbkXouzPGY,AE--BC-SiVmtDJjBBovRbkXouzPGY
747,mNyatmodaYrByzFAU2mkQg,AE--BC-mNyatmodaYrByzFAU2mkQg
748,3mPxzEFwjpCbg9Tbn6qqFj,AE--BC-3mPxzEFwjpCbg9Tbn6qqFj
749,RAMNZTrmADH4PMwnMdhcA8,AE--BC-RAMNZTrmADH4PMwnMdhcA8
750,T6W2fgYMbdGTkmhrw6Ea4J,AE--BC-T6W2fgYMbdGTkmhrw6Ea4J
751,isWdEi4PkjtttA8N4DUuLG,AE--BC-isWdEi4PkjtttA8N4DUuLG
752,afRrmMC9ZVfbuffny78X2G,AE--BC-afRrmMC9ZVfbuffny78X2G
753,T7UmNLBs8PuyZ5Kddp5VC8,AE--BC-T7UmNLBs8PuyZ5Kddp5VC8
754,mMLG32bL2Jf8hevFVhtNKi,AE--BC-mMLG32bL2Jf8hevFVhtNKi
755,kGiw4HjRkeNNUnn7vseJ6t,AE--BC-kGiw4HjRkeNNUnn7vseJ6t
756,8efcr9N7SX95FRarX2HRJo,AE--BC-8efcr9N7SX95FRarX2HRJo
757,i24agYLLfgHamF5icQ7xmg,AE--BC-i24agYLLfgHamF5icQ7xmg
758,TxLKb7jqW2kkkuqa2VKczH,AE--BC-TxLKb7jqW2kkkuqa2VKczH
759,hCMsmYrxcZirSs7EtfYybB,AE--BC-hCMsmYrxcZirSs7EtfYybB
760,KRt9RyUosMxzQWYE3TBBGf,AE--BC-KRt9RyUosMxzQWYE3TBBGf
761,MpnkzHXCfqFqFejA2QK3YA,AE--BC-MpnkzHXCfqFqFejA2QK3YA
762,AnbaBrFzy5vaqqn5iCZx9f,AE--BC-AnbaBrFzy5vaqqn5iCZx9f
763,L5H5yzHTs9nXLiYjqbL8YC,AE--BC-L5H5yzHTs9nXLiYjqbL8YC
764,8KyJ3eFXyYGEqTgiQCkFkx,AE--BC-8KyJ3eFXyYGEqTgiQCkFkx
765,YssVmH8m2S83Vta26NHHPp,AE--BC-YssVmH8m2S83Vta26NHHPp
766,bk7ye7hqtPG9GMBTK7qhc8,AE--BC-bk7ye7hqtPG9GMBTK7qhc8
767,9NcFwtnUFHEahZ4NLvV3cV,AE--BC-9NcFwtnUFHEahZ4NLvV3cV
768,hkc83bgAXGDZ4afX33wnVC,AE--BC-hkc83bgAXGDZ4afX33wnVC
769,b9AQhk3TDcoDEHou4nMhP5,AE--BC-b9AQhk3TDcoDEHou4nMhP5
770,3heD2hSWTqspMhPHvmKAuh,AE--BC-3heD2hSWTqspMhPHvmKAuh
771,MmxsWaGotwW6MiRLHURJkB,AE--BC-MmxsWaGotwW6MiRLHURJkB
772,4qEEmDPdTbZNkeknNkTYEQ,AE--BC-4qEEmDPdTbZNkeknNkTYEQ
773,mjnvrLmrCDVgLtue3YY2sN,AE--BC-mjnvrLmrCDVgLtue3YY2sN
774,M9X8PguoZqNHFEbtiHDmmx,AE--BC-M9X8PguoZqNHFEbtiHDmmx
775,G3Jcnmfdx9LBJviV44cFqL,AE--BC-G3Jcnmfdx9LBJviV44cFqL
776,a4jeeUAxYmQV6dVN2EpXjY,AE--BC-a4jeeUAxYmQV6dVN2EpXjY
777,FqCjTjfJocbWsNigWaSwdu,AE--BC-FqCjTjfJocbWsNigWaSwdu
778,ZipkiShM3SL8u2EUTpberr,AE--BC-ZipkiShM3SL8u2EUTpberr
779,UZfaXEvzprMS49TtHsiuat,AE--BC-UZfaXEvzprMS49TtHsiuat
780,cD4DcDfgZ2BYgQ8rGD8H6H,AE--BC-cD4DcDfgZ2BYgQ8rGD8H6H
781,SZaY66ZtGjN52ppgZM3Pyt,AE--BC-SZaY66ZtGjN52ppgZM3Pyt
782,eAT3sZs37X96xm4hLoNgaQ,AE--BC-eAT3sZs37X96xm4hLoNgaQ
783,DLeaWqphq42QYBcdBsShr5,AE--BC-DLeaWqphq42QYBcdBsShr5
784,ZydBagYoaLWVcjPZLsahpd,AE--BC-ZydBagYoaLWVcjPZLsahpd
785,7F52RBXA3crYacgYTpnnB5,AE--BC-7F52RBXA3crYacgYTpnnB5
786,57CdG6yQPjwb6PUT2G6Jbt,AE--BC-57CdG6yQPjwb6PUT2G6Jbt
787,TKpKd8aXuRYuxHHbk23VsF,AE--BC-TKpKd8aXuRYuxHHbk23VsF
788,5cx5cneTxdgemtkrXmWdSy,AE--BC-5cx5cneTxdgemtkrXmWdSy
789,czGvtfoVUkbHiSsiR4dhoU,AE--BC-czGvtfoVUkbHiSsiR4dhoU
790,jXgs6MbjaSSbNSCQYNpMo9,AE--BC-jXgs6MbjaSSbNSCQYNpMo9
791,QE9fpawWhG57DgakLHLokN,AE--BC-QE9fpawWhG57DgakLHLokN
792,eKaof4233HBN5zKVpSW5bK,AE--BC-eKaof4233HBN5zKVpSW5bK
793,VWbyp3psJppyEWbnjoEDWW,AE--BC-VWbyp3psJppyEWbnjoEDWW
794,3cQvT96v8ihPMnshRkdr84,AE--BC-3cQvT96v8ihPMnshRkdr84
795,eybf5dBR5nst2nwDmSBfNR,AE--BC-eybf5dBR5nst2nwDmSBfNR
796,PBxuAPST3NZqPkbt3TDNFn,AE--BC-PBxuAPST3NZqPkbt3TDNFn
797,CRimdUxmXG2fUmccWNQYbw,AE--BC-CRimdUxmXG2fUmccWNQYbw
798,AVuPbN7teHdBttZepkf2J5,AE--BC-AVuPbN7teHdBttZepkf2J5
799,QRYPkLatVWBUKMVmGNzRFB,AE--BC-QRYPkLatVWBUKMVmGNzRFB
800,gKaBRhKLAaJyfZZC82dGTJ,AE--BC-gKaBRhKLAaJyfZZC82dGTJ
801,NYn8RzivMPoFUEGvPHYd24,AE--BC-NYn8RzivMPoFUEGvPHYd24
802,DrXcbiYKKx7wrwnzPUrDmD,AE--BC-DrXcbiYKKx7wrwnzPUrDmD
803,ir27L7HT6rUdVsBbdxo4TB,AE--BC-ir27L7HT6rUdVsBbdxo4TB
804,2WRCM6YgSb2GDu7rbvuBK4,AE--BC-2WRCM6YgSb2GDu7rbvuBK4
805,bx5ZnAZjUDGBHqrrYqXi6E,AE--BC-bx5ZnAZjUDGBHqrrYqXi6E
806,NHyTiwg2E7qWAuzU835bKJ,AE--BC-NHyTiwg2E7qWAuzU835bKJ
807,S4sBtCiN8XqY8kF5W7JwRK,AE--BC-S4sBtCiN8XqY8kF5W7JwRK
808,EengSuBmGrMEFACV9rrJ57,AE--BC-EengSuBmGrMEFACV9rrJ57
809,Yu8TEttuA5tcE8amdqKCYS,AE--BC-Yu8TEttuA5tcE8amdqKCYS
810,XXxUd5QqKzSUc2G6B8pdyc,AE--BC-XXxUd5QqKzSUc2G6B8pdyc
811,5PYFY4Z9zFQCbdzQusYZp5,AE--BC-5PYFY4Z9zFQCbdzQusYZp5
812,6NteNjMJJaaWMiCLWYxLsc,AE--BC-6NteNjMJJaaWMiCLWYxLsc
813,nSSYyh34yVHR4GP3nwzeLf,AE--BC-nSSYyh34yVHR4GP3nwzeLf
814,QAcveGBjRQfwnSz5Nto3ub,AE--BC-QAcveGBjRQfwnSz5Nto3ub
815,WTmPSvmQqZqwGvadNnjoXz,AE--BC-WTmPSvmQqZqwGvadNnjoXz
816,3YvUjsHUsBx25cgC7EbSgy,AE--BC-3YvUjsHUsBx25cgC7EbSgy
817,hj4DwmcpkBFmUvpioG9RWQ,AE--BC-hj4DwmcpkBFmUvpioG9RWQ
818,kB5sNdEwioUjUvTVyip7iH,AE--BC-kB5sNdEwioUjUvTVyip7iH
819,4PcKkwWeWFcw9JUZmcUAnc,AE--BC-4PcKkwWeWFcw9JUZmcUAnc
820,aBDRbx489RXXjEFYh9MqgT,AE--BC-aBDRbx489RXXjEFYh9MqgT
821,5hqTUAroGrAjJB2CDXxv9U,AE--BC-5hqTUAroGrAjJB2CDXxv9U
822,gQWMK6973yxvw6v2mPuaSr,AE--BC-gQWMK6973yxvw6v2mPuaSr
823,QhStybY7gHBdBgHASNFtAZ,AE--BC-QhStybY7gHBdBgHASNFtAZ
824,XjMRGCzJAiCTHCR8WYiSwa,AE--BC-XjMRGCzJAiCTHCR8WYiSwa
825,VH25Kyd5DybnTnfAjdR2nk,AE--BC-VH25Kyd5DybnTnfAjdR2nk
826,Sz2riaLtw7qyob2kHUyaDT,AE--BC-Sz2riaLtw7qyob2kHUyaDT
827,6mELtavoe2WYrQTFSCMuyF,AE--BC-6mELtavoe2WYrQTFSCMuyF
828,4BCTSsFxutQGtLVxiK3mwS,AE--BC-4BCTSsFxutQGtLVxiK3mwS
829,8Tpi4fkzTs8wjPxLDa83uc,AE--BC-8Tpi4fkzTs8wjPxLDa83uc
830,PJEFz3d23rRd8Gw3kNZFrk,AE--BC-PJEFz3d23rRd8Gw3kNZFrk
831,4rXCYPiy2mcyqhKw8PnhBZ,AE--BC-4rXCYPiy2mcyqhKw8PnhBZ
832,SsCGmP3kj9K4zh59nYHYhV,AE--BC-SsCGmP3kj9K4zh59nYHYhV
833,YZPd4UWhBWTU5Gpq6X98p7,AE--BC-YZPd4UWhBWTU5Gpq6X98p7
834,LDafWwYW9mQwvtD6zBkEKP,AE--BC-LDafWwYW9mQwvtD6zBkEKP
835,K9ncwMSGsF6jiY67TD6mZd,AE--BC-K9ncwMSGsF6jiY67TD6mZd
836,RE3btsgPidV5Xzj6Z25Ph4,AE--BC-RE3btsgPidV5Xzj6Z25Ph4
837,iHeF2prqt8rTxpYz7UYjCH,AE--BC-iHeF2prqt8rTxpYz7UYjCH
838,aJrgKY9Qg6tfkFv3Ksmohi,AE--BC-aJrgKY9Qg6tfkFv3Ksmohi
839,kfTCxKLbWnGPfyBBXo3KT2,AE--BC-kfTCxKLbWnGPfyBBXo3KT2
840,BoX969vwsCQ37RRumWJxzY,AE--BC-BoX969vwsCQ37RRumWJxzY
841,3Sx8gwqr6jNMBPYRjYmgJM,AE--BC-3Sx8gwqr6jNMBPYRjYmgJM
842,8Uo6F47xAy6N9ywB7akxsn,AE--BC-8Uo6F47xAy6N9ywB7akxsn
843,7mvzDtCzywmtqjdMRA6a7W,AE--BC-7mvzDtCzywmtqjdMRA6a7W
844,GpgaYQwVSngwELRTResXDu,AE--BC-GpgaYQwVSngwELRTResXDu
845,Ggc9Gh7oLp2sddtcmonqPU,AE--BC-Ggc9Gh7oLp2sddtcmonqPU
846,5E8rYPwCSDqmVQfTVDJYvs,AE--BC-5E8rYPwCSDqmVQfTVDJYvs
847,XuxrWE5HUeaHLLn7NjcEge,AE--BC-XuxrWE5HUeaHLLn7NjcEge
848,Gx26cYnuDLnuXykLq8e83n,AE--BC-Gx26cYnuDLnuXykLq8e83n
849,3MwCDYSDZDq2h6uNzouyC8,AE--BC-3MwCDYSDZDq2h6uNzouyC8
850,eKcJuu5vUtd5pbZzCBiYKq,AE--BC-eKcJuu5vUtd5pbZzCBiYKq
851,H7fcSSsoZNg9diEWQHRfLr,AE--BC-H7fcSSsoZNg9diEWQHRfLr
852,YBa9SwX8h8vgVmBvyYmYeS,AE--BC-YBa9SwX8h8vgVmBvyYmYeS
853,JyENznhCrrCo7otVHsMTFQ,AE--BC-JyENznhCrrCo7otVHsMTFQ
854,A58DpEhWbnNZz7fFTjTvEP,AE--BC-A58DpEhWbnNZz7fFTjTvEP
855,4uBXEm2UW3HpJ2myrijowm,AE--BC-4uBXEm2UW3HpJ2myrijowm
856,WgAocppMJE9HfNc5cxbQc5,AE--BC-WgAocppMJE9HfNc5cxbQc5
857,L72TGiVJEgVoPWR8i9Q5ZU,AE--BC-L72TGiVJEgVoPWR8i9Q5ZU
858,Kv2MT3TmCRDzxeE7fsKGks,AE--BC-Kv2MT3TmCRDzxeE7fsKGks
859,cUtEsM8sQGyKWzTV7SfJ79,AE--BC-cUtEsM8sQGyKWzTV7SfJ79
860,jhMbMa7ry5aAmd7b6WMGGp,AE--BC-jhMbMa7ry5aAmd7b6WMGGp
861,ixyNtyqJ9tzeWNGLiWPkQg,AE--BC-ixyNtyqJ9tzeWNGLiWPkQg
862,kKtBdeEyU5TQDKoDSaT7SD,AE--BC-kKtBdeEyU5TQDKoDSaT7SD
863,7X3RPdWRM46ZCLhxEmXR8P,AE--BC-7X3RPdWRM46ZCLhxEmXR8P
864,Fis6e5Xnssp7uwKRGBBJUp,AE--BC-Fis6e5Xnssp7uwKRGBBJUp
865,ZgT8iGxYosi9uLEEAjRJdK,AE--BC-ZgT8iGxYosi9uLEEAjRJdK
866,m6CW6zgdhL5BL6PAE8omxA,AE--BC-m6CW6zgdhL5BL6PAE8omxA
867,BLcZNVkd8CG4FkfG9yEU4S,AE--BC-BLcZNVkd8CG4FkfG9yEU4S
868,7iBnE882Jt2UFT7h4X9E7n,AE--BC-7iBnE882Jt2UFT7h4X9E7n
869,UctBi2W8o3G5vi5WcvQ5Xu,AE--BC-UctBi2W8o3G5vi5WcvQ5Xu
870,Mkmce65KUS9nXtht2EuTEM,AE--BC-Mkmce65KUS9nXtht2EuTEM
871,MYhcrhMVKj77MGs8pXhYR7,AE--BC-MYhcrhMVKj77MGs8pXhYR7
872,nYMnSnjAVPAkuP5BeNFPLH,AE--BC-nYMnSnjAVPAkuP5BeNFPLH
873,ipTW98jHZ7uJnGUGxvcFFU,AE--BC-ipTW98jHZ7uJnGUGxvcFFU
874,LRmupgFcbzZv95vL5RkGRs,AE--BC-LRmupgFcbzZv95vL5RkGRs
875,b86AjYyYr5Ln89YwxoMwmu,AE--BC-b86AjYyYr5Ln89YwxoMwmu
876,4ZhLbfWsjBJbzZsTBmHuQv,AE--BC-4ZhLbfWsjBJbzZsTBmHuQv
877,XrPqhdTTnruPLo2jub9TPW,AE--BC-XrPqhdTTnruPLo2jub9TPW
878,QZRcLubQ7B5Td7nSC6S8Yb,AE--BC-QZRcLubQ7B5Td7nSC6S8Yb
879,k9LZTJfGTFgKMWapjr35Je,AE--BC-k9LZTJfGTFgKMWapjr35Je
880,MtUC4sSQrGC3myHQppvKbu,AE--BC-MtUC4sSQrGC3myHQppvKbu
881,n652fNmEomAutjW4xzSask,AE--BC-n652fNmEomAutjW4xzSask
882,ZTpjPDdJFvUQyHBam44xEc,AE--BC-ZTpjPDdJFvUQyHBam44xEc
883,4tX5z2f8wBhx4qG2WFWgmt,AE--BC-4tX5z2f8wBhx4qG2WFWgmt
884,oX3GiuGoLVDFTVpZHcSyf8,AE--BC-oX3GiuGoLVDFTVpZHcSyf8
885,ZkcHNtFVCfHqHM2fZeSFXC,AE--BC-ZkcHNtFVCfHqHM2fZeSFXC
886,nBRDkmGhof3pKuhhdDC2Nk,AE--BC-nBRDkmGhof3pKuhhdDC2Nk
887,N2UpJL3F6udBChKv3L6Xv7,AE--BC-N2UpJL3F6udBChKv3L6Xv7
888,CwLSHj9rBzfuqCh4XCmFs4,AE--BC-CwLSHj9rBzfuqCh4XCmFs4
889,hovGJuqs8tDxLHwcgHxZxW,AE--BC-hovGJuqs8tDxLHwcgHxZxW
890,nHCL5QvMKB7wheBorwfPai,AE--BC-nHCL5QvMKB7wheBorwfPai
891,HsUUGczoKENsVwdyhq3qk3,AE--BC-HsUUGczoKENsVwdyhq3qk3
892,i9fXFeWkB5tgLgGocyS2f2,AE--BC-i9fXFeWkB5tgLgGocyS2f2
893,nFrarA6295x2fqJa9ecEiw,AE--BC-nFrarA6295x2fqJa9ecEiw
894,69moxFiqejbjaEje4UiVyU,AE--BC-69moxFiqejbjaEje4UiVyU
895,9WA9Y8sYmaEjs6k9XTkaJp,AE--BC-9WA9Y8sYmaEjs6k9XTkaJp
896,Cki4PA8H2UEYoTVGHgxvaP,AE--BC-Cki4PA8H2UEYoTVGHgxvaP
897,fitJxGmxrL5D8AXUzaB2cX,AE--BC-fitJxGmxrL5D8AXUzaB2cX
898,6CTFpNsS7eD6KzSDQN9Mtj,AE--BC-6CTFpNsS7eD6KzSDQN9Mtj
899,3zpwvM3Lwgxx9ytkxz4gFA,AE--BC-3zpwvM3Lwgxx9ytkxz4gFA
900,5geY5iUGfzAWk4wkvwBjdf,AE--BC-5geY5iUGfzAWk4wkvwBjdf
901,3YYLt46xrC7xM3FfQsNHww,AE--BC-3YYLt46xrC7xM3FfQsNHww
902,f5H8iBSzZW4ns6nwAdgLk2,AE--BC-f5H8iBSzZW4ns6nwAdgLk2
903,P3CC3WvtsuPwuWxKANSetA,AE--BC-P3CC3WvtsuPwuWxKANSetA
904,JHwDysZJ2rYrGSLCM4xhad,AE--BC-JHwDysZJ2rYrGSLCM4xhad
905,CqYfrwhsUqQmLn234YyAMW,AE--BC-CqYfrwhsUqQmLn234YyAMW
906,Me9jjwRwQVSMQjXFAuZdJE,AE--BC-Me9jjwRwQVSMQjXFAuZdJE
907,96rtgExaLemGFpHkrnYEci,AE--BC-96rtgExaLemGFpHkrnYEci
908,GWJPokwpBuUotK3hv7vGqc,AE--BC-GWJPokwpBuUotK3hv7vGqc
909,S9vF2GQHTkH5PY4tEuhz58,AE--BC-S9vF2GQHTkH5PY4tEuhz58
910,Wf7fqetsudPhjwDKiPx7ze,AE--BC-Wf7fqetsudPhjwDKiPx7ze
911,HsLEB6LnCMPnRx38geJ3L2,AE--BC-HsLEB6LnCMPnRx38geJ3L2
912,RkesYhCWXF3zzoY9WH4H72,AE--BC-RkesYhCWXF3zzoY9WH4H72
913,gNxqSTTTugr48uU5S3udEJ,AE--BC-gNxqSTTTugr48uU5S3udEJ
914,SfCmDmgKLtvXPskdtuZ227,AE--BC-SfCmDmgKLtvXPskdtuZ227
915,Z3vRrKgM5FbYC94AvU9X2n,AE--BC-Z3vRrKgM5FbYC94AvU9X2n
916,5fVja6ecjUAsshebZzR2VA,AE--BC-5fVja6ecjUAsshebZzR2VA
917,bkyCMUi9rZxf8PsyAToaMi,AE--BC-bkyCMUi9rZxf8PsyAToaMi
918,cHG5aeVLAE47viSXJrWWWV,AE--BC-cHG5aeVLAE47viSXJrWWWV
919,Nyxa7vMBnThQ2ZKqKvDKY2,AE--BC-Nyxa7vMBnThQ2ZKqKvDKY2
920,ANxWyYRuajgDv5jgYeyXTz,AE--BC-ANxWyYRuajgDv5jgYeyXTz
921,KnfzZmenPiRVQFxrZ9XpkX,AE--BC-KnfzZmenPiRVQFxrZ9XpkX
922,DTprKb2ZwVD6YFWZ4db7Tg,AE--BC-DTprKb2ZwVD6YFWZ4db7Tg
923,Yz6pLgQvx6NvbrwbriAdgM,AE--BC-Yz6pLgQvx6NvbrwbriAdgM
924,949Puo3jfmieQfG6RF73se,AE--BC-949Puo3jfmieQfG6RF73se
925,3e94CpufLbKrECmfFVBYrZ,AE--BC-3e94CpufLbKrECmfFVBYrZ
926,QSztnpnASzVAt2dLmenhXK,AE--BC-QSztnpnASzVAt2dLmenhXK
927,KQMmVpqPxzSH4LbvQCPVSC,AE--BC-KQMmVpqPxzSH4LbvQCPVSC
928,CqqBKuhfwDRnF7X9qr9HGj,AE--BC-CqqBKuhfwDRnF7X9qr9HGj
929,AiDdA84iBAdYAzyn5G42qL,AE--BC-AiDdA84iBAdYAzyn5G42qL
930,XgfPsCvp4qG3a83JtJXwpi,AE--BC-XgfPsCvp4qG3a83JtJXwpi
931,FmTkof7S9se8qX4bGBDmwj,AE--BC-FmTkof7S9se8qX4bGBDmwj
932,4qUUKQEZh6MCJMndcrVKRP,AE--BC-4qUUKQEZh6MCJMndcrVKRP
933,S4yisxtPZbqr2cx6R8xSFp,AE--BC-S4yisxtPZbqr2cx6R8xSFp
934,oXTSX3SNwSgiz2ST3qWbx8,AE--BC-oXTSX3SNwSgiz2ST3qWbx8
935,FPrYTwzPsXnuwfHKF79qqY,AE--BC-FPrYTwzPsXnuwfHKF79qqY
936,gT9MgN22EdU3c3fXcwnmfe,AE--BC-gT9MgN22EdU3c3fXcwnmfe
937,oPM7MfRyJYFBn8tyGSUPhz,AE--BC-oPM7MfRyJYFBn8tyGSUPhz
938,RHGm8iDqWKp4qdiQyByss3,AE--BC-RHGm8iDqWKp4qdiQyByss3
939,FmUQDhzEcpcmxjUNtUCU3o,AE--BC-FmUQDhzEcpcmxjUNtUCU3o
940,i8C4rAM6BCYP9fDzqNBx9m,AE--BC-i8C4rAM6BCYP9fDzqNBx9m
941,5ihdQcD86aC6q8jSPZ24Dp,AE--BC-5ihdQcD86aC6q8jSPZ24Dp
942,DKz2JFpFb8v7aRa3LTo65z,AE--BC-DKz2JFpFb8v7aRa3LTo65z
943,cuVAnHvpvbF82T3E3WHTuo,AE--BC-cuVAnHvpvbF82T3E3WHTuo
944,TLm3PsFwZc2HxfBx2dy3UU,AE--BC-TLm3PsFwZc2HxfBx2dy3UU
945,Eyrp4Zh9ATH7mbiiPPJE9c,AE--BC-Eyrp4Zh9ATH7mbiiPPJE9c
946,GGwQTbmjvs6D2LpxUEnVJK,AE--BC-GGwQTbmjvs6D2LpxUEnVJK
947,5mNzeXtfje5TArgCYkm3qG,AE--BC-5mNzeXtfje5TArgCYkm3qG
948,bpycTGgFf5gRBu3TgEQuGT,AE--BC-bpycTGgFf5gRBu3TgEQuGT
949,aJHy6kZC82MvqMaRGxDXDd,AE--BC-aJHy6kZC82MvqMaRGxDXDd
950,X63gSPDwixmTKFm9vAfQbq,AE--BC-X63gSPDwixmTKFm9vAfQbq
951,mtMobMPMXxfUtrijPoref4,AE--BC-mtMobMPMXxfUtrijPoref4
952,9zwq8749EJQ98euwcr9E8A,AE--BC-9zwq8749EJQ98euwcr9E8A
953,GQap6qBYR6dFU4zDAv2FAk,AE--BC-GQap6qBYR6dFU4zDAv2FAk
954,oRGgs6ZWgHYqQ9Jv33W7TT,AE--BC-oRGgs6ZWgHYqQ9Jv33W7TT
955,f6HtDmeSbYpPDaY4bVYeqj,AE--BC-f6HtDmeSbYpPDaY4bVYeqj
956,ay8yjkwbSzvvraEUjnoPnb,AE--BC-ay8yjkwbSzvvraEUjnoPnb
957,Vs2PmCjgPCK62BEj9TJtNU,AE--BC-Vs2PmCjgPCK62BEj9TJtNU
958,Us4XVatRnR7idVBtc8sAvW,AE--BC-Us4XVatRnR7idVBtc8sAvW
959,QSMgP4TUv5mqHdZzwoke5P,AE--BC-QSMgP4TUv5mqHdZzwoke5P
960,mkFSKjD9n9R6B4UVb35kxt,AE--BC-mkFSKjD9n9R6B4UVb35kxt
961,hQbFXVoQeoc5jUVK6VSMW5,AE--BC-hQbFXVoQeoc5jUVK6VSMW5
962,kfYSxSrRo5T9o7WjcQypJw,AE--BC-kfYSxSrRo5T9o7WjcQypJw
963,DS5vFLSPsXMMARf99eARuk,AE--BC-DS5vFLSPsXMMARf99eARuk
964,4TqUFqvHN3LoLCHpCMxTMX,AE--BC-4TqUFqvHN3LoLCHpCMxTMX
965,RNGwCrRiEKXtzLBwwFGGab,AE--BC-RNGwCrRiEKXtzLBwwFGGab
966,Ztn7eKvnsCRKFt9buAyt7V,AE--BC-Ztn7eKvnsCRKFt9buAyt7V
967,UTTb79MHJjevKdUqegb7GA,AE--BC-UTTb79MHJjevKdUqegb7GA
968,SNcm9viNaSoJmZhmzhhGDc,AE--BC-SNcm9viNaSoJmZhmzhhGDc
969,VwsY65DRWESdHFuQWm8QAh,AE--BC-VwsY65DRWESdHFuQWm8QAh
970,RTxzc53jiGf3AgAPqciPjL,AE--BC-RTxzc53jiGf3AgAPqciPjL
971,7KUv9cuGESnyWGzTXXTsR6,AE--BC-7KUv9cuGESnyWGzTXXTsR6
972,m7ZNSryTsdKaL4JkAaMXmt,AE--BC-m7ZNSryTsdKaL4JkAaMXmt
973,YMMJ9rFqVHJaNGk2MtkEhn,AE--BC-YMMJ9rFqVHJaNGk2MtkEhn
974,PjJftaosXHcEQ3h4qQPfre,AE--BC-PjJftaosXHcEQ3h4qQPfre
975,JPzx2eNsyzCGB3qTG2NR88,AE--BC-JPzx2eNsyzCGB3qTG2NR88
976,dHLsAsfWMFUWuZ3hYnkhu4,AE--BC-dHLsAsfWMFUWuZ3hYnkhu4
977,EgkqSTATEBuqhmKxheoREB,AE--BC-EgkqSTATEBuqhmKxheoREB
978,czzxiuiKgD2J4ahUbbbnZU,AE--BC-czzxiuiKgD2J4ahUbbbnZU
979,JP2scYD2rGyGL76o9fYzZw,AE--BC-JP2scYD2rGyGL76o9fYzZw
980,fUwzy9W8XVJskgnAKqPCu4,AE--BC-fUwzy9W8XVJskgnAKqPCu4
981,67pbQFFQc4wTL4YaB8YabM,AE--BC-67pbQFFQc4wTL4YaB8YabM
982,SDzeR7Jpd39cjTVGCQXNPd,AE--BC-SDzeR7Jpd39cjTVGCQXNPd
983,CMcavfBVXCs3GqNFhpKMAL,AE--BC-CMcavfBVXCs3GqNFhpKMAL
984,QNgQfSBWX77FRGTDiqkpir,AE--BC-QNgQfSBWX77FRGTDiqkpir
985,diuJFnLqP66vuZqymTvmuz,AE--BC-diuJFnLqP66vuZqymTvmuz
986,fA3FDYMq6cUyYp6DzEHz3w,AE--BC-fA3FDYMq6cUyYp6DzEHz3w
987,V6vDs7wG2UiQmD85zMvcwE,AE--BC-V6vDs7wG2UiQmD85zMvcwE
988,cuXvf8du2eKv9aNtSMheMw,AE--BC-cuXvf8du2eKv9aNtSMheMw
989,6365EXgBub9LKXwzTfRS8i,AE--BC-6365EXgBub9LKXwzTfRS8i
990,eVdVDDDJSCfNPXF3TzKMzZ,AE--BC-eVdVDDDJSCfNPXF3TzKMzZ
991,dU848ssMtGugn4Sd37Lfhc,AE--BC-dU848ssMtGugn4Sd37Lfhc
992,7P7EVapnGxeG9q3e2h2g8m,AE--BC-7P7EVapnGxeG9q3e2h2g8m
993,STkwTgpvVDZpWjP5y3qw6e,AE--BC-STkwTgpvVDZpWjP5y3qw6e
994,27NKTTkwGwcD4LyzBAkVtt,AE--BC-27NKTTkwGwcD4LyzBAkVtt
995,CnnkkQL9pHH32Ut89VLCmQ,AE--BC-CnnkkQL9pHH32Ut89VLCmQ
996,K6VophaHtz7fz5pARbiXwB,AE--BC-K6VophaHtz7fz5pARbiXwB
997,9GJZpwGxxfxxqB5a5ajYwC,AE--BC-9GJZpwGxxfxxqB5a5ajYwC
998,NWFyddTiEBnZQUpBKzj3RZ,AE--BC-NWFyddTiEBnZQUpBKzj3RZ
999,mMkWHD6DxwUUqoRQFMdZMm,AE--BC-mMkWHD6DxwUUqoRQFMdZMm
1000,5uM9qoRxnarYmU7ydg6jyv,AE--BC-5uM9qoRxnarYmU7ydg6jyv
