row,id,uuid
1,aZV6jD6swSejYJEwYvMkQ9,AV-EL_aZV6jD6swSejYJEwYvMkQ9
2,29mcQwd2dVC6U8AuERWNVQ,AV-EL_29mcQwd2dVC6U8AuERWNVQ
3,9CZpt7tk8KFKte6FjCoDij,AV-EL_9CZpt7tk8KFKte6FjCoDij
4,SEznKUxdbw7tRkcBESNrFN,AV-EL_SEznKUxdbw7tRkcBESNrFN
5,mDWvpcw7nsffpooUQzwtht,AV-EL_mDWvpcw7nsffpooUQzwtht
6,CA2EU8ftjGfECFHraWjEzd,AV-EL_CA2EU8ftjGfECFHraWjEzd
7,eZJuNziq3WPjK4zYfvDHWJ,AV-EL_eZJuNziq3WPjK4zYfvDHWJ
8,dNViv8SPxDn5qD5QLFi6Ku,AV-EL_dNViv8SPxDn5qD5QLFi6Ku
9,AnTzAKiUYxmt4vdzndNHdi,AV-EL_AnTzAKiUYxmt4vdzndNHdi
10,bQWhrxVbiXXCRZiG5YQ8Vj,AV-EL_bQWhrxVbiXXCRZiG5YQ8Vj
11,iPg2DxCroUFZPKFmHxUsbw,AV-EL_iPg2DxCroUFZPKFmHxUsbw
12,6KSZYdZwkjpA4bnshctR6k,AV-EL_6KSZYdZwkjpA4bnshctR6k
13,Jxqn7NY9ngnftVUHKTSUqk,AV-EL_Jxqn7NY9ngnftVUHKTSUqk
14,Jzfh3Gekx7bZYLDzX5XFeg,AV-EL_Jzfh3Gekx7bZYLDzX5XFeg
15,Xj8Mr2QCq5R6zZ8gyzPHgh,AV-EL_Xj8Mr2QCq5R6zZ8gyzPHgh
16,YqTXvMohmFEcwn8P7v7rb3,AV-EL_YqTXvMohmFEcwn8P7v7rb3
17,br9QYKwGbAvcLNv7zXzF5x,AV-EL_br9QYKwGbAvcLNv7zXzF5x
18,fLnxRPpY7knTxPnhSpWPdN,AV-EL_fLnxRPpY7knTxPnhSpWPdN
19,Hcn5vSaLSD99x9ub946L9A,AV-EL_Hcn5vSaLSD99x9ub946L9A
20,4QPNEvKtZTsiurUq7VGXTU,AV-EL_4QPNEvKtZTsiurUq7VGXTU
21,B7Fv3H7rJiB4FbJmxYznkg,AV-EL_B7Fv3H7rJiB4FbJmxYznkg
22,MHxWJTdy63EAbhfS7dSJT4,AV-EL_MHxWJTdy63EAbhfS7dSJT4
23,EZZ22uYA9NZcAzQKCbbe8f,AV-EL_EZZ22uYA9NZcAzQKCbbe8f
24,2rrnyPSujrEfafNr4Pde42,AV-EL_2rrnyPSujrEfafNr4Pde42
25,g5LNmrHE2nLEhPwmx3ab6q,AV-EL_g5LNmrHE2nLEhPwmx3ab6q
26,ikk8NByNTmxqdwpkdMCYP5,AV-EL_ikk8NByNTmxqdwpkdMCYP5
27,ioVaakpBDggqzQakYKrAAq,AV-EL_ioVaakpBDggqzQakYKrAAq
28,BavUGJkmh47fGG3D7R5U5q,AV-EL_BavUGJkmh47fGG3D7R5U5q
29,dQgCfzEQkENa58CmiiRN3t,AV-EL_dQgCfzEQkENa58CmiiRN3t
30,TrpMov4WMSCctZG2SWTbRq,AV-EL_TrpMov4WMSCctZG2SWTbRq
31,4LXqosQf2gNdq8czUQgbX5,AV-EL_4LXqosQf2gNdq8czUQgbX5
32,oHRgZHddPK5Sc3BkqEJD2Q,AV-EL_oHRgZHddPK5Sc3BkqEJD2Q
33,ZzNmUncWYuDk7sXXLMpawe,AV-EL_ZzNmUncWYuDk7sXXLMpawe
34,7TCWoH9jMKfDzh8qhhzgfW,AV-EL_7TCWoH9jMKfDzh8qhhzgfW
35,7gfYUxT7XNYCgfCBPT8hTc,AV-EL_7gfYUxT7XNYCgfCBPT8hTc
36,NZ6UqXnY4fpgxWpmrrYpja,AV-EL_NZ6UqXnY4fpgxWpmrrYpja
37,KNgzva4XEqQ28P3j9xZTBC,AV-EL_KNgzva4XEqQ28P3j9xZTBC
38,YT9JvFT7vPp2RViERWZvni,AV-EL_YT9JvFT7vPp2RViERWZvni
39,Tb8zUN8nmto4woyNthoHDb,AV-EL_Tb8zUN8nmto4woyNthoHDb
40,R4jbY4DCzx2cQV8PconWXP,AV-EL_R4jbY4DCzx2cQV8PconWXP
41,o9ejc2koR6scBqQtW3uVnz,AV-EL_o9ejc2koR6scBqQtW3uVnz
42,8jVrBPbSeaWf8LAScbJLeo,AV-EL_8jVrBPbSeaWf8LAScbJLeo
43,hrWhZVym7tBdmDjTqT4puC,AV-EL_hrWhZVym7tBdmDjTqT4puC
44,YxVfRKc7MdTK6whFXnxbCc,AV-EL_YxVfRKc7MdTK6whFXnxbCc
45,gwqqo5EJRuxUJS7WreBdXf,AV-EL_gwqqo5EJRuxUJS7WreBdXf
46,QAGgYCY4WUXCwNMCPjLtN7,AV-EL_QAGgYCY4WUXCwNMCPjLtN7
47,FNmSoX9SDKrvVdtSaXBmxp,AV-EL_FNmSoX9SDKrvVdtSaXBmxp
48,HkPtHceGfdtwLC9GyiFn54,AV-EL_HkPtHceGfdtwLC9GyiFn54
49,cnBDt5phb3disUY5wanSAA,AV-EL_cnBDt5phb3disUY5wanSAA
50,V58QaoH22YmUUEPmicpN25,AV-EL_V58QaoH22YmUUEPmicpN25
51,dCRnRiJXR8C97knW8uLegQ,AV-EL_dCRnRiJXR8C97knW8uLegQ
52,WurkTvFNwib5zsY4JUQxm8,AV-EL_WurkTvFNwib5zsY4JUQxm8
53,SfxzNxUi4TSz6MNi429Vm4,AV-EL_SfxzNxUi4TSz6MNi429Vm4
54,LDJmrfLNkjMbPv7FLvewja,AV-EL_LDJmrfLNkjMbPv7FLvewja
55,8D7WgkNFiRZc4cu6dmWrnL,AV-EL_8D7WgkNFiRZc4cu6dmWrnL
56,Ba9j22JLcGwLqFXSd6CYqC,AV-EL_Ba9j22JLcGwLqFXSd6CYqC
57,7khfyjqvj8ZS6GKq5nESQJ,AV-EL_7khfyjqvj8ZS6GKq5nESQJ
58,PASAgux7rGstvgiPgWcdeZ,AV-EL_PASAgux7rGstvgiPgWcdeZ
59,AWL2YoHwSHq6MjQA4vJsx4,AV-EL_AWL2YoHwSHq6MjQA4vJsx4
60,CMLmPVCG6UuXmH9AvLLmYD,AV-EL_CMLmPVCG6UuXmH9AvLLmYD
61,LUrcirvAMfkBFCSd3c3gtd,AV-EL_LUrcirvAMfkBFCSd3c3gtd
62,hKNWN7nXbUab5tZDnrhzJD,AV-EL_hKNWN7nXbUab5tZDnrhzJD
63,6AWLCDo9tpKmsZD886z4dB,AV-EL_6AWLCDo9tpKmsZD886z4dB
64,SGvRcr9Wm4pSsRpNT5mMhx,AV-EL_SGvRcr9Wm4pSsRpNT5mMhx
65,JLX6rnPGhXbDG7cbjPzkYh,AV-EL_JLX6rnPGhXbDG7cbjPzkYh
66,R4RsdqtwPtx4zVmB7rjKkv,AV-EL_R4RsdqtwPtx4zVmB7rjKkv
67,Kh3qaHkybPvvnyyNzmB3if,AV-EL_Kh3qaHkybPvvnyyNzmB3if
68,dEdiaBSdmy2SYAdefKuHF3,AV-EL_dEdiaBSdmy2SYAdefKuHF3
69,JH26A6XVtYdT8B6qMH26Wo,AV-EL_JH26A6XVtYdT8B6qMH26Wo
70,3RyNCH6eAS9fXEB6HbXczN,AV-EL_3RyNCH6eAS9fXEB6HbXczN
71,YBgK2Wa3kWju7sKwW5ybBd,AV-EL_YBgK2Wa3kWju7sKwW5ybBd
72,VBkNZrRi8FcvqveGe35Z7s,AV-EL_VBkNZrRi8FcvqveGe35Z7s
73,AbhHqqgGdubbhsWRJGcZV6,AV-EL_AbhHqqgGdubbhsWRJGcZV6
74,TEHgdVwEXYgbCNUv79sDDV,AV-EL_TEHgdVwEXYgbCNUv79sDDV
75,WPtFCisA2Sat9shXd9sDDN,AV-EL_WPtFCisA2Sat9shXd9sDDN
76,E48u6Et4arHALB7hXUy54Y,AV-EL_E48u6Et4arHALB7hXUy54Y
77,6gFzMtZDCat5hRmDpDDw2A,AV-EL_6gFzMtZDCat5hRmDpDDw2A
78,e6agtNWvjRFgtxBBdA8Yn6,AV-EL_e6agtNWvjRFgtxBBdA8Yn6
79,SAreFtuWwXxFczWfW7qrBr,AV-EL_SAreFtuWwXxFczWfW7qrBr
80,GWHsuc32uNoQf4SsX2ovuq,AV-EL_GWHsuc32uNoQf4SsX2ovuq
81,SJuKkhgUxbbtASY94BNz7c,AV-EL_SJuKkhgUxbbtASY94BNz7c
82,7sQsY6Y6aQg7J3yN9aLLnw,AV-EL_7sQsY6Y6aQg7J3yN9aLLnw
83,RSMJi25fsjryW8uybRVfhX,AV-EL_RSMJi25fsjryW8uybRVfhX
84,LMJ3F5uKxyQ6EgcxczawSe,AV-EL_LMJ3F5uKxyQ6EgcxczawSe
85,eTqkeKYyTVEqDjNu7M6xPK,AV-EL_eTqkeKYyTVEqDjNu7M6xPK
86,FuMSy9gf9DweJ6eiX8uB3g,AV-EL_FuMSy9gf9DweJ6eiX8uB3g
87,G8awuWns2xE9ayWsgioRVz,AV-EL_G8awuWns2xE9ayWsgioRVz
88,cHbteSpqCDwqLPCtSaBKEQ,AV-EL_cHbteSpqCDwqLPCtSaBKEQ
89,ZpngsdKqNJ6Xvs7C4AaZm8,AV-EL_ZpngsdKqNJ6Xvs7C4AaZm8
90,XMGiAELewfhCkGbH3MaCJG,AV-EL_XMGiAELewfhCkGbH3MaCJG
91,nBk4M6s2AQGFe4SxW2Fufm,AV-EL_nBk4M6s2AQGFe4SxW2Fufm
92,fU4enTNoBA4A5YrcUwZEdv,AV-EL_fU4enTNoBA4A5YrcUwZEdv
93,BpaoSkVn7P8zoLhchALSMx,AV-EL_BpaoSkVn7P8zoLhchALSMx
94,GenHCKsKSq7tf3TdwbHMUp,AV-EL_GenHCKsKSq7tf3TdwbHMUp
95,fxSA29UQ2PXVg5EDHNXuZS,AV-EL_fxSA29UQ2PXVg5EDHNXuZS
96,78PP7C3Djvs9J2Yfjz5pNz,AV-EL_78PP7C3Djvs9J2Yfjz5pNz
97,cA4qRt6hBSifR97RfMNZb6,AV-EL_cA4qRt6hBSifR97RfMNZb6
98,Gv4VJFU7rd2UWfxgyx8mb9,AV-EL_Gv4VJFU7rd2UWfxgyx8mb9
99,HjAJGsLpx6feaggKsrKbmn,AV-EL_HjAJGsLpx6feaggKsrKbmn
100,3QwLcBeJVQeK9LDY673fMr,AV-EL_3QwLcBeJVQeK9LDY673fMr
101,niJyux2eHpJecmg5D7rTmS,AV-EL_niJyux2eHpJecmg5D7rTmS
102,K2rtpwWFgZHafXSHGMvfAX,AV-EL_K2rtpwWFgZHafXSHGMvfAX
103,3sgG54DXcJjN7MTFLkdhsR,AV-EL_3sgG54DXcJjN7MTFLkdhsR
104,MagfUvzFEVYo7BDSQCY82R,AV-EL_MagfUvzFEVYo7BDSQCY82R
105,PLGmLiTCrnT3poTuLZyHer,AV-EL_PLGmLiTCrnT3poTuLZyHer
106,J4J2CUr6y9tf5UjjMfjf5c,AV-EL_J4J2CUr6y9tf5UjjMfjf5c
107,Uz5CZRBd8xjpz4oaJxAnz5,AV-EL_Uz5CZRBd8xjpz4oaJxAnz5
108,Qeqv8sFkJy8QtbERXe2VjG,AV-EL_Qeqv8sFkJy8QtbERXe2VjG
109,TEZ98Hz6CaC28yrCGP54TB,AV-EL_TEZ98Hz6CaC28yrCGP54TB
110,6YCmunvWjioGsg2jvqukvE,AV-EL_6YCmunvWjioGsg2jvqukvE
111,TUKdENYawTgzXXaD4wRg48,AV-EL_TUKdENYawTgzXXaD4wRg48
112,JZz3rxv2F6KSxrJGXz4gPc,AV-EL_JZz3rxv2F6KSxrJGXz4gPc
113,mmV2hyC5r7bt5b7dpo7g5f,AV-EL_mmV2hyC5r7bt5b7dpo7g5f
114,he9oao6mPNkcfFvnjNZXP3,AV-EL_he9oao6mPNkcfFvnjNZXP3
115,Nhh2DJTa7cNy3jT6wb2pWs,AV-EL_Nhh2DJTa7cNy3jT6wb2pWs
116,fUaY7zDg89VSkrWrqWT75A,AV-EL_fUaY7zDg89VSkrWrqWT75A
117,HVrbGeU6zJwN6BTinyaGr6,AV-EL_HVrbGeU6zJwN6BTinyaGr6
118,Yt4tDz42ugGfocLzKoSJax,AV-EL_Yt4tDz42ugGfocLzKoSJax
119,L8tySnNKqVd6DcBot8zqeU,AV-EL_L8tySnNKqVd6DcBot8zqeU
120,fctBTzd9mzA5aCesyGjxDP,AV-EL_fctBTzd9mzA5aCesyGjxDP
121,4qdQQd92iBhmsieArBeuJa,AV-EL_4qdQQd92iBhmsieArBeuJa
122,HqXEXJkYWSNysiJq9MJFyU,AV-EL_HqXEXJkYWSNysiJq9MJFyU
123,WkZ6iSGFNrWKEk2gnzZnwF,AV-EL_WkZ6iSGFNrWKEk2gnzZnwF
124,2hoprNpMxpHCpGYqQpPmnY,AV-EL_2hoprNpMxpHCpGYqQpPmnY
125,QrGodQMLjkyaQbAcb6Te57,AV-EL_QrGodQMLjkyaQbAcb6Te57
126,NXj37mn2Gf39ge2o3o5MVt,AV-EL_NXj37mn2Gf39ge2o3o5MVt
127,H6PC4Qf22kYqREuwFTgQN6,AV-EL_H6PC4Qf22kYqREuwFTgQN6
128,QAgcbcTktDMezJZW3fwUTd,AV-EL_QAgcbcTktDMezJZW3fwUTd
129,W2ukSwvhWUJG9kgdXesoRA,AV-EL_W2ukSwvhWUJG9kgdXesoRA
130,FzgcgWvmXdxTzxvmQPtLQh,AV-EL_FzgcgWvmXdxTzxvmQPtLQh
131,moJzgEdsvZVqcuKBXRVHse,AV-EL_moJzgEdsvZVqcuKBXRVHse
132,Ks8qPACgLyYF3YVqydeTq2,AV-EL_Ks8qPACgLyYF3YVqydeTq2
133,EcTLjRrDrvpugicYtUu8by,AV-EL_EcTLjRrDrvpugicYtUu8by
134,dFDZ3CsWyR7jMQ4BGnsAdR,AV-EL_dFDZ3CsWyR7jMQ4BGnsAdR
135,NBfZGPQhbHgoWZ2U2po8KP,AV-EL_NBfZGPQhbHgoWZ2U2po8KP
136,mvMdh2jANunom32YpX9cao,AV-EL_mvMdh2jANunom32YpX9cao
137,3hSCw9jpRTWMNeyv6y7Eiw,AV-EL_3hSCw9jpRTWMNeyv6y7Eiw
138,3WZNcfFecYxsYwEEsvz3EA,AV-EL_3WZNcfFecYxsYwEEsvz3EA
139,GE87qrZ2QdmmNBztoWHmUj,AV-EL_GE87qrZ2QdmmNBztoWHmUj
140,D4LYiAuHeipdWysdGUMxHN,AV-EL_D4LYiAuHeipdWysdGUMxHN
141,CnSFK9q5YuX42FdoDspQEy,AV-EL_CnSFK9q5YuX42FdoDspQEy
142,NEZ5sncM9oQEeD57jXN8UZ,AV-EL_NEZ5sncM9oQEeD57jXN8UZ
143,gJi77Paq3TUfhzH2TraLit,AV-EL_gJi77Paq3TUfhzH2TraLit
144,4PwEc3ZkQKbTMZ4CcBhw5G,AV-EL_4PwEc3ZkQKbTMZ4CcBhw5G
145,NiV5dfpCjAbCEsXym4hkct,AV-EL_NiV5dfpCjAbCEsXym4hkct
146,bWcNiPXgGJoheCBpYTzUZ3,AV-EL_bWcNiPXgGJoheCBpYTzUZ3
147,BLUkpQsbbLzytQ8MgQ5ecj,AV-EL_BLUkpQsbbLzytQ8MgQ5ecj
148,9jL6CDt8zgk6yYy2PSDsog,AV-EL_9jL6CDt8zgk6yYy2PSDsog
149,Yu4uDUD3kYkhVpScjndAAQ,AV-EL_Yu4uDUD3kYkhVpScjndAAQ
150,Li5hJjC98nwhguCnsP7GLD,AV-EL_Li5hJjC98nwhguCnsP7GLD
151,PubrQKt2YUMiLQiTsNdHZf,AV-EL_PubrQKt2YUMiLQiTsNdHZf
152,jHLanTmAfboRHbbMmMSRZ2,AV-EL_jHLanTmAfboRHbbMmMSRZ2
153,QpYyrG8HvvxHMALg5qPiVA,AV-EL_QpYyrG8HvvxHMALg5qPiVA
154,VZZ73p9rcLHZdXuZCFBe94,AV-EL_VZZ73p9rcLHZdXuZCFBe94
155,dX5qiX3aZvfDKFgkUqWdWP,AV-EL_dX5qiX3aZvfDKFgkUqWdWP
156,FzC6C9QKHgbWuRR4C5oHuD,AV-EL_FzC6C9QKHgbWuRR4C5oHuD
157,Gzb5RFXjZRZ88QxDdiRqVY,AV-EL_Gzb5RFXjZRZ88QxDdiRqVY
158,7ytpvHyALJdwC77PZcNpJi,AV-EL_7ytpvHyALJdwC77PZcNpJi
159,Q2CWzKxqqJjSds9sVTeKHi,AV-EL_Q2CWzKxqqJjSds9sVTeKHi
160,YwNJFAjcs9M73bBJ8KnB3x,AV-EL_YwNJFAjcs9M73bBJ8KnB3x
161,ajzTaa9biYTS8WUVhiK3iQ,AV-EL_ajzTaa9biYTS8WUVhiK3iQ
162,ccF6ghP6RZW43yLzPaazKu,AV-EL_ccF6ghP6RZW43yLzPaazKu
163,6LYopcNscUbCpSQFiMbHVY,AV-EL_6LYopcNscUbCpSQFiMbHVY
164,koN2XL26inxfCWHiwWEF4C,AV-EL_koN2XL26inxfCWHiwWEF4C
165,58Pb3GaCVbY9v6Gkhay9WF,AV-EL_58Pb3GaCVbY9v6Gkhay9WF
166,JcYXyhmpeDWUMvoT6rAL8c,AV-EL_JcYXyhmpeDWUMvoT6rAL8c
167,PpdRzF96GMkisbAd7d3ekv,AV-EL_PpdRzF96GMkisbAd7d3ekv
168,JJbZcCPqEgyXzNMJUQMBAA,AV-EL_JJbZcCPqEgyXzNMJUQMBAA
169,AzZQfAhWMf4tHMiNR8ks3G,AV-EL_AzZQfAhWMf4tHMiNR8ks3G
170,AuaaDUMdJ8nBn2DU2WkvGZ,AV-EL_AuaaDUMdJ8nBn2DU2WkvGZ
171,4gj6hrXhWZSRgZTaXH74tC,AV-EL_4gj6hrXhWZSRgZTaXH74tC
172,kN5Azse5YnVviGFG8dmPd5,AV-EL_kN5Azse5YnVviGFG8dmPd5
173,CKGddSbdVDF9PSXceTzY9i,AV-EL_CKGddSbdVDF9PSXceTzY9i
174,4JQBkvYyCVXKsYbN48cJVQ,AV-EL_4JQBkvYyCVXKsYbN48cJVQ
175,kaJ4Yz9qgBQrd47noxaNi9,AV-EL_kaJ4Yz9qgBQrd47noxaNi9
176,UJwvBJiJPAeMFMMZ22Hy56,AV-EL_UJwvBJiJPAeMFMMZ22Hy56
177,hQYoKDcXBeX7RqGcTb9yVG,AV-EL_hQYoKDcXBeX7RqGcTb9yVG
178,2rcsJ6hXVaFXJQyPfXqriN,AV-EL_2rcsJ6hXVaFXJQyPfXqriN
179,kurzEwzwwDteyhNjo9rCTL,AV-EL_kurzEwzwwDteyhNjo9rCTL
180,gWFrtmR8gFtpxuHCzvr8V6,AV-EL_gWFrtmR8gFtpxuHCzvr8V6
181,SDwyrHErCXvLTLzDigMud4,AV-EL_SDwyrHErCXvLTLzDigMud4
182,fCsGpZkkurNukgfnDMGe57,AV-EL_fCsGpZkkurNukgfnDMGe57
183,heX22YBJs34zMXZ3uLLAzX,AV-EL_heX22YBJs34zMXZ3uLLAzX
184,9GxNYXjyzNEz4x7oBovkMJ,AV-EL_9GxNYXjyzNEz4x7oBovkMJ
185,dRWFbF4UL2DeS2axRruUaE,AV-EL_dRWFbF4UL2DeS2axRruUaE
186,mwwCVoA2nit49cp5GXY2Zs,AV-EL_mwwCVoA2nit49cp5GXY2Zs
187,RpSmqkwsFduL3vkh7ftcAh,AV-EL_RpSmqkwsFduL3vkh7ftcAh
188,JEhHF3jQHkbAjneXHuk7Tw,AV-EL_JEhHF3jQHkbAjneXHuk7Tw
189,4zjwMxg4WBxTdBudAoPWbn,AV-EL_4zjwMxg4WBxTdBudAoPWbn
190,fx9ZTNyjEeSg4qWoZ5W77K,AV-EL_fx9ZTNyjEeSg4qWoZ5W77K
191,dhhEky3hrXS3mRspDPKgBt,AV-EL_dhhEky3hrXS3mRspDPKgBt
192,8qGnEmGqUaUL3SEc6FmhEb,AV-EL_8qGnEmGqUaUL3SEc6FmhEb
193,CMsopgxjewgTtMPMmsTc6d,AV-EL_CMsopgxjewgTtMPMmsTc6d
194,YqoHTnJRQc7XF33XvufB6E,AV-EL_YqoHTnJRQc7XF33XvufB6E
195,PzJhByxHxVgf6m9KehaFuL,AV-EL_PzJhByxHxVgf6m9KehaFuL
196,YPDURDCFHT9TbWcyDTSuJQ,AV-EL_YPDURDCFHT9TbWcyDTSuJQ
197,L4ARyJs6GrY2LP978tFuJ4,AV-EL_L4ARyJs6GrY2LP978tFuJ4
198,ArLpAXYLK8HeQAtcpgKGcz,AV-EL_ArLpAXYLK8HeQAtcpgKGcz
199,DmSiGD9dfY3qC6hCvYmWts,AV-EL_DmSiGD9dfY3qC6hCvYmWts
200,bFoSMk3iUg6fbXYbRSD8HV,AV-EL_bFoSMk3iUg6fbXYbRSD8HV
201,98H2ccYcNABffEgAcQ6YXp,AV-EL_98H2ccYcNABffEgAcQ6YXp
202,cp5wPKeehuCZqpanXZdj2v,AV-EL_cp5wPKeehuCZqpanXZdj2v
203,6ojmd4H2uYXLSmSmHnzwTg,AV-EL_6ojmd4H2uYXLSmSmHnzwTg
204,BYaGYb27cub7XDEAPbypJL,AV-EL_BYaGYb27cub7XDEAPbypJL
205,F2vYv5kHstTzLLoRoouWvq,AV-EL_F2vYv5kHstTzLLoRoouWvq
206,BPKBt2jYbCi4DkrrR8djLP,AV-EL_BPKBt2jYbCi4DkrrR8djLP
207,3tCKCNX7aFwzLfdHSZBFwn,AV-EL_3tCKCNX7aFwzLfdHSZBFwn
208,mrHJDn6wKpCmT6SVx6M5jt,AV-EL_mrHJDn6wKpCmT6SVx6M5jt
209,2TRsSk3hoxKMeLdvtWSXFx,AV-EL_2TRsSk3hoxKMeLdvtWSXFx
210,6VcDCTpp4c4LddPrUF8kkx,AV-EL_6VcDCTpp4c4LddPrUF8kkx
211,2efMdLGVUYxbJGQUqiDg6n,AV-EL_2efMdLGVUYxbJGQUqiDg6n
212,293vvc8x4MXMTnw5FMnu5W,AV-EL_293vvc8x4MXMTnw5FMnu5W
213,Wt68oRjimM9JTMQDgvoNTE,AV-EL_Wt68oRjimM9JTMQDgvoNTE
214,EKx9LmZi7ydyvPGvLN4EBc,AV-EL_EKx9LmZi7ydyvPGvLN4EBc
215,mXff7BZDtSPY7cqAz8pK5k,AV-EL_mXff7BZDtSPY7cqAz8pK5k
216,Nw7smPhL2hC44TY33VVLGm,AV-EL_Nw7smPhL2hC44TY33VVLGm
217,hBoxMnqbq6ZHAgim9shjws,AV-EL_hBoxMnqbq6ZHAgim9shjws
218,bHbSuaubqWT8id2k4g4GMo,AV-EL_bHbSuaubqWT8id2k4g4GMo
219,HUEo5dUB79ddQn25m4giay,AV-EL_HUEo5dUB79ddQn25m4giay
220,Pw36cjqX4LQ2sXQqiJ9CWc,AV-EL_Pw36cjqX4LQ2sXQqiJ9CWc
221,EadDsYM7L93ysLju6NSXsx,AV-EL_EadDsYM7L93ysLju6NSXsx
222,2QKPiZFvfg4eGKtVPuaqyJ,AV-EL_2QKPiZFvfg4eGKtVPuaqyJ
223,meocmThFPFDhvspQaUcip2,AV-EL_meocmThFPFDhvspQaUcip2
224,BXR7vixbsiJPooxtMJTfZ3,AV-EL_BXR7vixbsiJPooxtMJTfZ3
225,TfZR3kzSWMfsTEA8DTnaF5,AV-EL_TfZR3kzSWMfsTEA8DTnaF5
226,gknTBfM635iCfAMZgtR2X9,AV-EL_gknTBfM635iCfAMZgtR2X9
227,c3oeYGTc2usXLwEgEYaQDh,AV-EL_c3oeYGTc2usXLwEgEYaQDh
228,4gvihPCnETV7YEFh5udiA2,AV-EL_4gvihPCnETV7YEFh5udiA2
229,Ezmni9XdaSZ25oNtBwncyV,AV-EL_Ezmni9XdaSZ25oNtBwncyV
230,JpEgvCqDg8tZTuoDRQ5i4V,AV-EL_JpEgvCqDg8tZTuoDRQ5i4V
231,MgaE5CWMC9Xg26GVYMavBY,AV-EL_MgaE5CWMC9Xg26GVYMavBY
232,hZEhqKXjvMuWZEuAuJhipG,AV-EL_hZEhqKXjvMuWZEuAuJhipG
233,oFt852FcWCMrWrzKBQFRCu,AV-EL_oFt852FcWCMrWrzKBQFRCu
234,dzqCS5tPyyoafekVqub9YV,AV-EL_dzqCS5tPyyoafekVqub9YV
235,SXYmNYivPgQDZk7hVtHLah,AV-EL_SXYmNYivPgQDZk7hVtHLah
236,As9oFGK6DHvbkV2PS55DuX,AV-EL_As9oFGK6DHvbkV2PS55DuX
237,Ao96n7ZrHzkAeAoR2pqoSH,AV-EL_Ao96n7ZrHzkAeAoR2pqoSH
238,mjFaoskJ9nd2zZFQJFqnUV,AV-EL_mjFaoskJ9nd2zZFQJFqnUV
239,XxoshgX2VeStPJiFXuyqby,AV-EL_XxoshgX2VeStPJiFXuyqby
240,7TTJHLT6DwLRxuVSHqMzKX,AV-EL_7TTJHLT6DwLRxuVSHqMzKX
241,KPcXvDmfqtZWDmYDcfscHL,AV-EL_KPcXvDmfqtZWDmYDcfscHL
242,fDbm6hLeGMhnZUtxZ8tTrF,AV-EL_fDbm6hLeGMhnZUtxZ8tTrF
243,SbdxyLQ6JpGnXextLjAMby,AV-EL_SbdxyLQ6JpGnXextLjAMby
244,mudcT3uoKDrSSyZs4SasYw,AV-EL_mudcT3uoKDrSSyZs4SasYw
245,SZTYAxoARMaDqefUYnrPxy,AV-EL_SZTYAxoARMaDqefUYnrPxy
246,f3N2sRqTLqouVonkJrZtF9,AV-EL_f3N2sRqTLqouVonkJrZtF9
247,iTLDVYPWVNr2HW3PWHLDJ9,AV-EL_iTLDVYPWVNr2HW3PWHLDJ9
248,Z8j8isRXRkcgDNMABCxZWY,AV-EL_Z8j8isRXRkcgDNMABCxZWY
249,2tXoNzLRY33SvqZuqZgqoH,AV-EL_2tXoNzLRY33SvqZuqZgqoH
250,oWQx36dsunUMtWGVCAfoV5,AV-EL_oWQx36dsunUMtWGVCAfoV5
251,XPautfvY9cugUakM2wmTS6,AV-EL_XPautfvY9cugUakM2wmTS6
252,85zP2b7AjUWwqegBmPRcSr,AV-EL_85zP2b7AjUWwqegBmPRcSr
253,TTY54bNw4giPG63LT8ALn2,AV-EL_TTY54bNw4giPG63LT8ALn2
254,7FjSDiYWSBquedri6brbe3,AV-EL_7FjSDiYWSBquedri6brbe3
255,WQczE5q3aY46iB8cUGA3Gi,AV-EL_WQczE5q3aY46iB8cUGA3Gi
256,nbPCSomGwPUZVPvStBVSrY,AV-EL_nbPCSomGwPUZVPvStBVSrY
257,Be9qiBpxDUuUUK5v9MVnvT,AV-EL_Be9qiBpxDUuUUK5v9MVnvT
258,EheKraD9pjvQRtcVB4G2Kh,AV-EL_EheKraD9pjvQRtcVB4G2Kh
259,5EZTHNa7RZvqEeUYEVRmvV,AV-EL_5EZTHNa7RZvqEeUYEVRmvV
260,GGzCZdHVSS832ZiWiuQYa6,AV-EL_GGzCZdHVSS832ZiWiuQYa6
261,beodk9jwdwLGENZKqGgsqC,AV-EL_beodk9jwdwLGENZKqGgsqC
262,3VgfAfmprizvHgTHgeyEuE,AV-EL_3VgfAfmprizvHgTHgeyEuE
263,5fWnij8aLQQpfGpCa5rpMY,AV-EL_5fWnij8aLQQpfGpCa5rpMY
264,kTFhGJJ7x6uowuagMKzCYr,AV-EL_kTFhGJJ7x6uowuagMKzCYr
265,gVSx7yixhfzgXwFkBG9QYK,AV-EL_gVSx7yixhfzgXwFkBG9QYK
266,nWDtkoxwbA6r2X75z6i5gT,AV-EL_nWDtkoxwbA6r2X75z6i5gT
267,5V8FHjkRfu7JRh4HHYNqnf,AV-EL_5V8FHjkRfu7JRh4HHYNqnf
268,QFfnFnzGQUYMt8PKg6mbCX,AV-EL_QFfnFnzGQUYMt8PKg6mbCX
269,RnneibFeBapa55z4465Wm8,AV-EL_RnneibFeBapa55z4465Wm8
270,M5BrzfwKgW8hCtwPZo29oX,AV-EL_M5BrzfwKgW8hCtwPZo29oX
271,4Wdg4KXjjLS5xTYnCmMVeR,AV-EL_4Wdg4KXjjLS5xTYnCmMVeR
272,eiZ6LrdtpXeRQwLpQvQEmR,AV-EL_eiZ6LrdtpXeRQwLpQvQEmR
273,bomiCVeZAghhMxqRDQhWVK,AV-EL_bomiCVeZAghhMxqRDQhWVK
274,Sf8cmKuijkgfqcqYB2GQjC,AV-EL_Sf8cmKuijkgfqcqYB2GQjC
275,jb6FkAFHJskRBVvCV7vLxB,AV-EL_jb6FkAFHJskRBVvCV7vLxB
276,RtpE3znLLz3jVouTUfudVN,AV-EL_RtpE3znLLz3jVouTUfudVN
277,7KtEmWeewYjXymL9PttCUX,AV-EL_7KtEmWeewYjXymL9PttCUX
278,RonHiLiCTG2mvYs22DSQzz,AV-EL_RonHiLiCTG2mvYs22DSQzz
279,FejcSFjJF3HT6X25FqCDrA,AV-EL_FejcSFjJF3HT6X25FqCDrA
280,ikpeS92vkSoqipzu3snEZC,AV-EL_ikpeS92vkSoqipzu3snEZC
281,TdjrNHpKLnErYgf65Wbyfh,AV-EL_TdjrNHpKLnErYgf65Wbyfh
282,4Swddq3VBzNny8ZL7aqUYt,AV-EL_4Swddq3VBzNny8ZL7aqUYt
283,G8DLPDN5zc9kXQiksA4BHF,AV-EL_G8DLPDN5zc9kXQiksA4BHF
284,PxHKBPX4T3Gm6kCkx4wzn4,AV-EL_PxHKBPX4T3Gm6kCkx4wzn4
285,Hwwq2UPraZw2pWL7waFP7a,AV-EL_Hwwq2UPraZw2pWL7waFP7a
286,nxYbJDJNx8Ud8HkTW23yaH,AV-EL_nxYbJDJNx8Ud8HkTW23yaH
287,Kr4Tc23k8KeXufADNsVfRq,AV-EL_Kr4Tc23k8KeXufADNsVfRq
288,R8UD7fZdHMzevA5RC5jTLt,AV-EL_R8UD7fZdHMzevA5RC5jTLt
289,RCJTwiRjtUJmqftUY6UXmn,AV-EL_RCJTwiRjtUJmqftUY6UXmn
290,ALQ6pmJq2sYUpLQzN7yBjQ,AV-EL_ALQ6pmJq2sYUpLQzN7yBjQ
291,2RKHPxKrUBGPV5QnK74sZd,AV-EL_2RKHPxKrUBGPV5QnK74sZd
292,e2MhA5aCNPwBKHuDFV9Lns,AV-EL_e2MhA5aCNPwBKHuDFV9Lns
293,TGbQSzRfqW3jVWpALoTQd6,AV-EL_TGbQSzRfqW3jVWpALoTQd6
294,3V6haNnq3oqYj5g9auYQZk,AV-EL_3V6haNnq3oqYj5g9auYQZk
295,eDWfEr5LDzPpKfUsBncoih,AV-EL_eDWfEr5LDzPpKfUsBncoih
296,Q8SsdqtwKdyMsa5PsCNMjp,AV-EL_Q8SsdqtwKdyMsa5PsCNMjp
297,NWhFBPMi5NL8Z7yH5R39Cq,AV-EL_NWhFBPMi5NL8Z7yH5R39Cq
298,Pmjw6LFuRdsYShoxpJdMaB,AV-EL_Pmjw6LFuRdsYShoxpJdMaB
299,A7x8GF5vZRBGA9TQudB6Vf,AV-EL_A7x8GF5vZRBGA9TQudB6Vf
300,TYjGTtLdEyPxTmyZkLzoTa,AV-EL_TYjGTtLdEyPxTmyZkLzoTa
301,BGj3DPe6chds7LhpV4rZr8,AV-EL_BGj3DPe6chds7LhpV4rZr8
302,oSpfJEKr8yGxCq2NVX4rZy,AV-EL_oSpfJEKr8yGxCq2NVX4rZy
303,m7VUifCkx7NMcZJVEtT7nw,AV-EL_m7VUifCkx7NMcZJVEtT7nw
304,e7ay4ewqbkymrXGV9AoEgB,AV-EL_e7ay4ewqbkymrXGV9AoEgB
305,QiYeK2Nszr8gQ7FCsfgwB4,AV-EL_QiYeK2Nszr8gQ7FCsfgwB4
306,e9MXxZKRAg7LfyNmBrr2Xr,AV-EL_e9MXxZKRAg7LfyNmBrr2Xr
307,RsZpToCdL3NLtREyyEEtTJ,AV-EL_RsZpToCdL3NLtREyyEEtTJ
308,VHJ8tJtueM8bb5Xoz8CZcQ,AV-EL_VHJ8tJtueM8bb5Xoz8CZcQ
309,Feb6Z9T4r9sWUE2czKNczy,AV-EL_Feb6Z9T4r9sWUE2czKNczy
310,PNyd3keRPBz3qSC4fbgThw,AV-EL_PNyd3keRPBz3qSC4fbgThw
311,MS3Pakoco5ivH5WJkH27Cv,AV-EL_MS3Pakoco5ivH5WJkH27Cv
312,m7jjWXNpmtvMiKBTC4WwXw,AV-EL_m7jjWXNpmtvMiKBTC4WwXw
313,auYvkvESwjJ5i25zb2mFgU,AV-EL_auYvkvESwjJ5i25zb2mFgU
314,F33Mcfwb3jTQUUhdMAvumV,AV-EL_F33Mcfwb3jTQUUhdMAvumV
315,g6Vbcv8C7DVrzE4rPexdxA,AV-EL_g6Vbcv8C7DVrzE4rPexdxA
316,Tx8pUbHsSagjbPa8eqsaHH,AV-EL_Tx8pUbHsSagjbPa8eqsaHH
317,f8CMQiC4HBrBo8FjgcLaKD,AV-EL_f8CMQiC4HBrBo8FjgcLaKD
318,iqD7eQD6YgCP7HCgg4wBVb,AV-EL_iqD7eQD6YgCP7HCgg4wBVb
319,b7yoxZBoeMrZPm6aAHagwd,AV-EL_b7yoxZBoeMrZPm6aAHagwd
320,dirG698dudQRVHdy5Whyan,AV-EL_dirG698dudQRVHdy5Whyan
321,ktxsymqq4sP4H7aMfGKigq,AV-EL_ktxsymqq4sP4H7aMfGKigq
322,FxpNnmT74AX54NfPLDzPvX,AV-EL_FxpNnmT74AX54NfPLDzPvX
323,B2yJzHhtBRLy9Jef9vzsiD,AV-EL_B2yJzHhtBRLy9Jef9vzsiD
324,kCjZD5aEhJ92jWmsD7hpye,AV-EL_kCjZD5aEhJ92jWmsD7hpye
325,EqAMQdqgfrDkzWyfqTUKvv,AV-EL_EqAMQdqgfrDkzWyfqTUKvv
326,fEovR6ZsaCYPZjzWh9RaJ5,AV-EL_fEovR6ZsaCYPZjzWh9RaJ5
327,4cpBvy4LwG3EV8J4bAWzkW,AV-EL_4cpBvy4LwG3EV8J4bAWzkW
328,H3r4QcxWf8q5Dv2pATsBvv,AV-EL_H3r4QcxWf8q5Dv2pATsBvv
329,AE5v6neVZAkhCCEMavC5Wj,AV-EL_AE5v6neVZAkhCCEMavC5Wj
330,CrjBdBtz6gRkWxSjHnCUEy,AV-EL_CrjBdBtz6gRkWxSjHnCUEy
331,9isoWUuV5wToKZRWAPFuxn,AV-EL_9isoWUuV5wToKZRWAPFuxn
332,TmRU5iaCPvBupNf9miHH6V,AV-EL_TmRU5iaCPvBupNf9miHH6V
333,Yj2fXMBpoFQCKHdCLeNBur,AV-EL_Yj2fXMBpoFQCKHdCLeNBur
334,SiEjuXygqbP5KEHokJgXJQ,AV-EL_SiEjuXygqbP5KEHokJgXJQ
335,8R3UgK7LToH9rjwCpR6Yzb,AV-EL_8R3UgK7LToH9rjwCpR6Yzb
336,dHnd5MZuQPsqFMyRZBXMpe,AV-EL_dHnd5MZuQPsqFMyRZBXMpe
337,dHf7scqmaL7X3stSXhDGRP,AV-EL_dHf7scqmaL7X3stSXhDGRP
338,8aUYYWWDrxMFJsDowo4LFK,AV-EL_8aUYYWWDrxMFJsDowo4LFK
339,KYYAwaahhgxSoydTsZec4Z,AV-EL_KYYAwaahhgxSoydTsZec4Z
340,exfZsXWTZ3bDbB8NhiVveq,AV-EL_exfZsXWTZ3bDbB8NhiVveq
341,CNAX6tYhsos7ESextSH2ME,AV-EL_CNAX6tYhsos7ESextSH2ME
342,Sn3F5iF8Eq7sRYSQaNFhC4,AV-EL_Sn3F5iF8Eq7sRYSQaNFhC4
343,7tB4oSAV6Rx9ri7KMFNgpm,AV-EL_7tB4oSAV6Rx9ri7KMFNgpm
344,8pjAJoiiw8Tmu4kZJ639hw,AV-EL_8pjAJoiiw8Tmu4kZJ639hw
345,iGMZedEGj7UK75BktPXvX9,AV-EL_iGMZedEGj7UK75BktPXvX9
346,DuHZYyHE4F4Ux6aRUDjAkH,AV-EL_DuHZYyHE4F4Ux6aRUDjAkH
347,THDsfiySydgvkHYBpa5TXL,AV-EL_THDsfiySydgvkHYBpa5TXL
348,NePd4fodib7iZGMSSTucPD,AV-EL_NePd4fodib7iZGMSSTucPD
349,dWZiG4ssbSBBDFuxNGiLZj,AV-EL_dWZiG4ssbSBBDFuxNGiLZj
350,eCxYPTJeuUExJn8yTL7hfx,AV-EL_eCxYPTJeuUExJn8yTL7hfx
351,oXeDWLoWVDSqvaFxznJuPZ,AV-EL_oXeDWLoWVDSqvaFxznJuPZ
352,NbXHSnXUyPgPXvPTarBhaQ,AV-EL_NbXHSnXUyPgPXvPTarBhaQ
353,BiU5QLTZbK69DGXDPQrkT5,AV-EL_BiU5QLTZbK69DGXDPQrkT5
354,D2DAA8ZxMW9UnjPmZwq4rP,AV-EL_D2DAA8ZxMW9UnjPmZwq4rP
355,SdiCjHPWogMxji6SkE83tG,AV-EL_SdiCjHPWogMxji6SkE83tG
356,FS36SoMjSEvTNwfekxSU2V,AV-EL_FS36SoMjSEvTNwfekxSU2V
357,nvvXfsYPYcqSPvXZzy5dJ7,AV-EL_nvvXfsYPYcqSPvXZzy5dJ7
358,iz338jdvvWDkkuERSV2ifv,AV-EL_iz338jdvvWDkkuERSV2ifv
359,Y36XNtYNvUUtzaj2bwvZtT,AV-EL_Y36XNtYNvUUtzaj2bwvZtT
360,ZSpRqv7TrkL9nGHKXR8Psa,AV-EL_ZSpRqv7TrkL9nGHKXR8Psa
361,37Qt8iYGhGcn47Pjt6PNHY,AV-EL_37Qt8iYGhGcn47Pjt6PNHY
362,cdtMQngTmtwrJiFoPCTECT,AV-EL_cdtMQngTmtwrJiFoPCTECT
363,KgnVgo6pxb9Uc9MXCWNUEq,AV-EL_KgnVgo6pxb9Uc9MXCWNUEq
364,crSnEGgmkW9G2dWKarXTDP,AV-EL_crSnEGgmkW9G2dWKarXTDP
365,c4HCMgPCKyoPQ9PCJV2XWF,AV-EL_c4HCMgPCKyoPQ9PCJV2XWF
366,jaZy25ETPzNkqvBdP3th96,AV-EL_jaZy25ETPzNkqvBdP3th96
367,Ds6oeua9Au2bpyXfuhLjGp,AV-EL_Ds6oeua9Au2bpyXfuhLjGp
368,3weFTMeQe8u537oiBjBM6P,AV-EL_3weFTMeQe8u537oiBjBM6P
369,3V8oFKG8cJ3cVTUgYKYeC4,AV-EL_3V8oFKG8cJ3cVTUgYKYeC4
370,dvy9YJmaueGaf58JVby52R,AV-EL_dvy9YJmaueGaf58JVby52R
371,KH8whEV2AJWyQ3NF3UgCvg,AV-EL_KH8whEV2AJWyQ3NF3UgCvg
372,CKC7SUiMS7zYSbkrVWZVGZ,AV-EL_CKC7SUiMS7zYSbkrVWZVGZ
373,ERdf8Y5e8uCPYMkK9yQtsW,AV-EL_ERdf8Y5e8uCPYMkK9yQtsW
374,9JyaiDL4Gcu2d8K8Trkedf,AV-EL_9JyaiDL4Gcu2d8K8Trkedf
375,feftr6Dy2xZZDYtRcxtQay,AV-EL_feftr6Dy2xZZDYtRcxtQay
376,Zyse9XmosWdW7xNG882Dsm,AV-EL_Zyse9XmosWdW7xNG882Dsm
377,i39DMRjKWgdyL8sLQ4ZuDL,AV-EL_i39DMRjKWgdyL8sLQ4ZuDL
378,YYEyY8JFF854LXTG2wALZN,AV-EL_YYEyY8JFF854LXTG2wALZN
379,MYtXVLfkWMjjfVPnCHeKx8,AV-EL_MYtXVLfkWMjjfVPnCHeKx8
380,R6YyJNYKjttqiTzKAEBwPY,AV-EL_R6YyJNYKjttqiTzKAEBwPY
381,HnwC6QcbBqYsG3gvANUeRG,AV-EL_HnwC6QcbBqYsG3gvANUeRG
382,RFMr2naPQx424RpgSF3Hxj,AV-EL_RFMr2naPQx424RpgSF3Hxj
383,eZngYPyaUVFmFTDf3y8foA,AV-EL_eZngYPyaUVFmFTDf3y8foA
384,K8QUR5XSePcPrU7bYbNLUM,AV-EL_K8QUR5XSePcPrU7bYbNLUM
385,bPXTB5px4u86Tigvz3JVNL,AV-EL_bPXTB5px4u86Tigvz3JVNL
386,csNQ6LEHNiY2ZyrDDibp5n,AV-EL_csNQ6LEHNiY2ZyrDDibp5n
387,md5wN5TcNGsusZgwiL4xEi,AV-EL_md5wN5TcNGsusZgwiL4xEi
388,DXKdXJb9xz2MtR2rJmQoMy,AV-EL_DXKdXJb9xz2MtR2rJmQoMy
389,2cfxRpmrwX3DpKBuZvkSPe,AV-EL_2cfxRpmrwX3DpKBuZvkSPe
390,VnLPTDN2AuT26FkULqfsGC,AV-EL_VnLPTDN2AuT26FkULqfsGC
391,JsuU6732nSrQQyWBYaoWKB,AV-EL_JsuU6732nSrQQyWBYaoWKB
392,Q8GpcfN3PTiDdiQtwnUYeD,AV-EL_Q8GpcfN3PTiDdiQtwnUYeD
393,eP6p84SdradLxHPYytrvpM,AV-EL_eP6p84SdradLxHPYytrvpM
394,hcFHaBqzSMFZEKjesDNVuX,AV-EL_hcFHaBqzSMFZEKjesDNVuX
395,HcBFoRMatFVj4jCjHecf5t,AV-EL_HcBFoRMatFVj4jCjHecf5t
396,CR4Xfq2aUSBnkrWNbw4BPk,AV-EL_CR4Xfq2aUSBnkrWNbw4BPk
397,RnfgEgZqyQ74a2esmBo4nG,AV-EL_RnfgEgZqyQ74a2esmBo4nG
398,KpzBfumiXkDF5ZA4pvvQgA,AV-EL_KpzBfumiXkDF5ZA4pvvQgA
399,NrV25qFXd3Cry3ZVGubS5E,AV-EL_NrV25qFXd3Cry3ZVGubS5E
400,NWXKwyyBNnjHpD79vuxC7B,AV-EL_NWXKwyyBNnjHpD79vuxC7B
401,YkeovDWkQizmzaH8E5HtEA,AV-EL_YkeovDWkQizmzaH8E5HtEA
402,HspXy6NQSj6vvCoSgNsNLo,AV-EL_HspXy6NQSj6vvCoSgNsNLo
403,Ec75mX6anGa3aBtRziJVBU,AV-EL_Ec75mX6anGa3aBtRziJVBU
404,oFQ4XrWKDMV27zsgZPskPd,AV-EL_oFQ4XrWKDMV27zsgZPskPd
405,Ex429mivZ5dKBQiNXnZJks,AV-EL_Ex429mivZ5dKBQiNXnZJks
406,ago4MBfGcpj6xG3LQajvaE,AV-EL_ago4MBfGcpj6xG3LQajvaE
407,A9Hqs5EU3q4pooxk2PZbR9,AV-EL_A9Hqs5EU3q4pooxk2PZbR9
408,QZpssqefRKv7zFQhdDGjUz,AV-EL_QZpssqefRKv7zFQhdDGjUz
409,3xj4Xu3UiThYUMZJ4JcYpj,AV-EL_3xj4Xu3UiThYUMZJ4JcYpj
410,CvbWwr3zRQ2P9emvbQKzi3,AV-EL_CvbWwr3zRQ2P9emvbQKzi3
411,Z6msgPDW5NbBote7fWNPWz,AV-EL_Z6msgPDW5NbBote7fWNPWz
412,ZgJYnCBTfxvgFde7WYP2Dx,AV-EL_ZgJYnCBTfxvgFde7WYP2Dx
413,ZaVjtkYNDqxSeoYrCAQJLe,AV-EL_ZaVjtkYNDqxSeoYrCAQJLe
414,HqfUm4b5zsmp8oRmNjNFqp,AV-EL_HqfUm4b5zsmp8oRmNjNFqp
415,A9F6nA2oksHBprktddcELw,AV-EL_A9F6nA2oksHBprktddcELw
416,L3NR9wF79gMJ7aL37C5oYz,AV-EL_L3NR9wF79gMJ7aL37C5oYz
417,cD5zyj73ndi8prhEdCuFag,AV-EL_cD5zyj73ndi8prhEdCuFag
418,5kPxBN3hApewQYNyQ6rYox,AV-EL_5kPxBN3hApewQYNyQ6rYox
419,4PGYBqSXyeTJP9Zi4eRs5t,AV-EL_4PGYBqSXyeTJP9Zi4eRs5t
420,PXE6AN9oktakkguKFD4amw,AV-EL_PXE6AN9oktakkguKFD4amw
421,KEPMGC8MLQyk8G5XSuMYXV,AV-EL_KEPMGC8MLQyk8G5XSuMYXV
422,Kv2TG2qyBC5sD9hckVAh3T,AV-EL_Kv2TG2qyBC5sD9hckVAh3T
423,QpfjGVUxRm8p7W4x6keqm2,AV-EL_QpfjGVUxRm8p7W4x6keqm2
424,TGe5gc2GqX2yPfGovxh9Lq,AV-EL_TGe5gc2GqX2yPfGovxh9Lq
425,63pwXNNBhMzcCejsHzi3KJ,AV-EL_63pwXNNBhMzcCejsHzi3KJ
426,DpG9GSGN6BUZiX6EGyE4iF,AV-EL_DpG9GSGN6BUZiX6EGyE4iF
427,2LzAr9pXsCYh5fzxwNGPqb,AV-EL_2LzAr9pXsCYh5fzxwNGPqb
428,7gkec3eip7yafwvWQVGZ29,AV-EL_7gkec3eip7yafwvWQVGZ29
429,hw8Js3hTKFZVE9A4daxjoL,AV-EL_hw8Js3hTKFZVE9A4daxjoL
430,Qx9eDUrG54et2zyKJ5gMkL,AV-EL_Qx9eDUrG54et2zyKJ5gMkL
431,Wdp8vG4mkBt2vG3Ewq9Qzv,AV-EL_Wdp8vG4mkBt2vG3Ewq9Qzv
432,gYhaBPtuVzEj5FK4PV7cQv,AV-EL_gYhaBPtuVzEj5FK4PV7cQv
433,6dpSM9gpdGaavzUaErQwUc,AV-EL_6dpSM9gpdGaavzUaErQwUc
434,YKvn24bccmmCwBDsk2FYmb,AV-EL_YKvn24bccmmCwBDsk2FYmb
435,hNVmQJHymGfQayMeeYawGn,AV-EL_hNVmQJHymGfQayMeeYawGn
436,B4wdqXqBpLLYyAZQ75WMjX,AV-EL_B4wdqXqBpLLYyAZQ75WMjX
437,CUewNB3PHrcWqcXDUNeoeE,AV-EL_CUewNB3PHrcWqcXDUNeoeE
438,Pxg5ZcXqHrSmdzzp3Gt6E9,AV-EL_Pxg5ZcXqHrSmdzzp3Gt6E9
439,nedyqqaoyYtqzcxznLBCHP,AV-EL_nedyqqaoyYtqzcxznLBCHP
440,FvqavJQfdJgTAiv4wXUv8e,AV-EL_FvqavJQfdJgTAiv4wXUv8e
441,NJV4bYbE6NEE9ijuAvDBi9,AV-EL_NJV4bYbE6NEE9ijuAvDBi9
442,mSmu2hNAVF5V3a5BYH5iuY,AV-EL_mSmu2hNAVF5V3a5BYH5iuY
443,M8S7K7WjFn7KLKfYo6uxqR,AV-EL_M8S7K7WjFn7KLKfYo6uxqR
444,ecxbs7EscgzKXvnNMKmHnf,AV-EL_ecxbs7EscgzKXvnNMKmHnf
445,84WoZg4EC3ijfswTD74NFd,AV-EL_84WoZg4EC3ijfswTD74NFd
446,QBcHgsRY8rCvMbnutZnFBf,AV-EL_QBcHgsRY8rCvMbnutZnFBf
447,A9oUS98xtUVULgdaayeYv4,AV-EL_A9oUS98xtUVULgdaayeYv4
448,Jf3qn7mdSpN98DjmcFqE9T,AV-EL_Jf3qn7mdSpN98DjmcFqE9T
449,Ufc3Vmxd3PY4d9oodAPRtp,AV-EL_Ufc3Vmxd3PY4d9oodAPRtp
450,JD3eTmZmszRKaxvpgL4fqf,AV-EL_JD3eTmZmszRKaxvpgL4fqf
451,HHhwWQo53zKaAyS59UoFXK,AV-EL_HHhwWQo53zKaAyS59UoFXK
452,9WTKLw7C75DqLDWNYPLinN,AV-EL_9WTKLw7C75DqLDWNYPLinN
453,7FTwFrAX67KV6m9ZNqtTnm,AV-EL_7FTwFrAX67KV6m9ZNqtTnm
454,oDsZwcUnjCrmaE6ZyUYqcr,AV-EL_oDsZwcUnjCrmaE6ZyUYqcr
455,BAgzTwuDSL2AiEXGEsmnpY,AV-EL_BAgzTwuDSL2AiEXGEsmnpY
456,HJ6nvcd3EYkGL5Hb4is4zC,AV-EL_HJ6nvcd3EYkGL5Hb4is4zC
457,7TddhKgDk99sBaRD7n5DWi,AV-EL_7TddhKgDk99sBaRD7n5DWi
458,Rc45wDa8ocobKgzq9R5obo,AV-EL_Rc45wDa8ocobKgzq9R5obo
459,ZcugWDjR8SsRgicK3wJ4P2,AV-EL_ZcugWDjR8SsRgicK3wJ4P2
460,SWqFYMhRtbQE9DbPVXxQZ3,AV-EL_SWqFYMhRtbQE9DbPVXxQZ3
461,Frmu25WbzjeCsJ9KM9TWWF,AV-EL_Frmu25WbzjeCsJ9KM9TWWF
462,JSAUSUnAKc9mpRQq3VZ2Br,AV-EL_JSAUSUnAKc9mpRQq3VZ2Br
463,gtPhTG7ubcEgUgkAUQYfyD,AV-EL_gtPhTG7ubcEgUgkAUQYfyD
464,ZVjExvja8gv82KexS9Fw7V,AV-EL_ZVjExvja8gv82KexS9Fw7V
465,fzyav345UFxXTfyEyFhtik,AV-EL_fzyav345UFxXTfyEyFhtik
466,KGAV3cqEmm7VguStz4tn5X,AV-EL_KGAV3cqEmm7VguStz4tn5X
467,Abv4RwErCpiD6YCEDCb7DZ,AV-EL_Abv4RwErCpiD6YCEDCb7DZ
468,K9yTjcViDusWrf5zYsnZhD,AV-EL_K9yTjcViDusWrf5zYsnZhD
469,bVthKYTYMd9N7iuud4Vd8A,AV-EL_bVthKYTYMd9N7iuud4Vd8A
470,4VvjjfRrUQ6juaNSCvQLB6,AV-EL_4VvjjfRrUQ6juaNSCvQLB6
471,b6emz34MyfF8G4nSRdwM5U,AV-EL_b6emz34MyfF8G4nSRdwM5U
472,TQVfAFURUDQQMLZRLhdXK5,AV-EL_TQVfAFURUDQQMLZRLhdXK5
473,YWA56ZHZsz4nZ38vUNRxTG,AV-EL_YWA56ZHZsz4nZ38vUNRxTG
474,NBN3TdRqP9ySKYGQefwmcm,AV-EL_NBN3TdRqP9ySKYGQefwmcm
475,gS2BzP2yc4Fus2SSpPmFEC,AV-EL_gS2BzP2yc4Fus2SSpPmFEC
476,HCYDUEygbJiXSwDpQukCaR,AV-EL_HCYDUEygbJiXSwDpQukCaR
477,TXQ5e4JeaQDEhPC3ZyN64B,AV-EL_TXQ5e4JeaQDEhPC3ZyN64B
478,9wnkGCp9VHLrnMzPLNq2ie,AV-EL_9wnkGCp9VHLrnMzPLNq2ie
479,h6xkBGLMKLjLLHHDXWdBwf,AV-EL_h6xkBGLMKLjLLHHDXWdBwf
480,TbqZiqD8Ux8KtFTv2JZH2e,AV-EL_TbqZiqD8Ux8KtFTv2JZH2e
481,agKs5kxSeVruzjHGjetnRa,AV-EL_agKs5kxSeVruzjHGjetnRa
482,LU3ceXpjMAXEFjUUUkXoxa,AV-EL_LU3ceXpjMAXEFjUUUkXoxa
483,MhirJNcohD64aqZLM7UgBp,AV-EL_MhirJNcohD64aqZLM7UgBp
484,3yEmafp9Wg8moWWnBAYRTm,AV-EL_3yEmafp9Wg8moWWnBAYRTm
485,4TdsqaMDyEziq3Fy53AhXX,AV-EL_4TdsqaMDyEziq3Fy53AhXX
486,9zUEQH3Y8kJNSnCdaUcKFe,AV-EL_9zUEQH3Y8kJNSnCdaUcKFe
487,g9iVBwUkbLcLtt54hTRed2,AV-EL_g9iVBwUkbLcLtt54hTRed2
488,cUf2Vuv4ZpASdEEeFvxkkj,AV-EL_cUf2Vuv4ZpASdEEeFvxkkj
489,FHv3WpWohtcQSR4LeY23nt,AV-EL_FHv3WpWohtcQSR4LeY23nt
490,ESWU5jLzL96JfCeLwEsqJe,AV-EL_ESWU5jLzL96JfCeLwEsqJe
491,emW3JUgXrnHhKEySmAkfVm,AV-EL_emW3JUgXrnHhKEySmAkfVm
492,LQGL8gNZYmwusG5i2ZcDph,AV-EL_LQGL8gNZYmwusG5i2ZcDph
493,f9szMG6AyHPgEmAHiD8CwC,AV-EL_f9szMG6AyHPgEmAHiD8CwC
494,DxQ6EGjQGLef8PCQcaMWA7,AV-EL_DxQ6EGjQGLef8PCQcaMWA7
495,3ZMfoeTQfP25Xnf3QpVzrj,AV-EL_3ZMfoeTQfP25Xnf3QpVzrj
496,kDWp5oXuaoStuU868vP9Sq,AV-EL_kDWp5oXuaoStuU868vP9Sq
497,4RgvWUg27rH7YfydqsZGbH,AV-EL_4RgvWUg27rH7YfydqsZGbH
498,ATX95kx3Ff7ToB8yZyKGxa,AV-EL_ATX95kx3Ff7ToB8yZyKGxa
499,UgpBPsviTiz7vHaETdfzCx,AV-EL_UgpBPsviTiz7vHaETdfzCx
500,ai6fMqRPHifdwodDKr45jM,AV-EL_ai6fMqRPHifdwodDKr45jM
501,9etRVRa39TTPHJthvuNZnN,AV-EL_9etRVRa39TTPHJthvuNZnN
502,44X6xwbR4bib2q9UJ3YkDw,AV-EL_44X6xwbR4bib2q9UJ3YkDw
503,hoLHxb4rEnETGXwsKE68nj,AV-EL_hoLHxb4rEnETGXwsKE68nj
504,RaDxcKCWHNQM7xMW2HeYJa,AV-EL_RaDxcKCWHNQM7xMW2HeYJa
505,AzDxAz75ma5zL8kE4xMi8p,AV-EL_AzDxAz75ma5zL8kE4xMi8p
506,J84Qj6bnGNPyPVLGETx7jH,AV-EL_J84Qj6bnGNPyPVLGETx7jH
507,QMifNhYFSxAJ8UEbjrphpA,AV-EL_QMifNhYFSxAJ8UEbjrphpA
508,YhbvnMKTdD3xSjA2uawkCC,AV-EL_YhbvnMKTdD3xSjA2uawkCC
509,8o8RLpQVfHMKenWtD6f6Fr,AV-EL_8o8RLpQVfHMKenWtD6f6Fr
510,P3VHpH7fGNPShRKy4vrEhe,AV-EL_P3VHpH7fGNPShRKy4vrEhe
511,LyYAd5riUxnGYJhoJsMQJs,AV-EL_LyYAd5riUxnGYJhoJsMQJs
512,JM39sML8DiDRmvX8tHVPm2,AV-EL_JM39sML8DiDRmvX8tHVPm2
513,bq7R7RzHQNrwNFMWKZzwkW,AV-EL_bq7R7RzHQNrwNFMWKZzwkW
514,kCyUTn8trDta8oHEfXGXSn,AV-EL_kCyUTn8trDta8oHEfXGXSn
515,AarfdozCvZQyRQLmWbPJdi,AV-EL_AarfdozCvZQyRQLmWbPJdi
516,dfnVVr2nyry9rfNi46e8CH,AV-EL_dfnVVr2nyry9rfNi46e8CH
517,7hiuhSqXSHcTeEsMCmUmVQ,AV-EL_7hiuhSqXSHcTeEsMCmUmVQ
518,RXoiTtXss5EcNGb4YcmVJ2,AV-EL_RXoiTtXss5EcNGb4YcmVJ2
519,Ri24YwBmvhhzWSpaXfVi5E,AV-EL_Ri24YwBmvhhzWSpaXfVi5E
520,E59N6tqHZYqy5T39RWQDHc,AV-EL_E59N6tqHZYqy5T39RWQDHc
521,RQbTRmUPYPnH5DPrAgPHa9,AV-EL_RQbTRmUPYPnH5DPrAgPHa9
522,TXKgFFUqeGsrjdBjyy7uL5,AV-EL_TXKgFFUqeGsrjdBjyy7uL5
523,Uv7ya9f56vCzXSp6rpMY37,AV-EL_Uv7ya9f56vCzXSp6rpMY37
524,h2RSRuW5vsfUtrtCJbCagB,AV-EL_h2RSRuW5vsfUtrtCJbCagB
525,8cDSJJWyBRFt5tPr2faPpi,AV-EL_8cDSJJWyBRFt5tPr2faPpi
526,R67Br8MKAKCViLUo95jB3w,AV-EL_R67Br8MKAKCViLUo95jB3w
527,TtQKiiZmZbbyKYQofaf8Kv,AV-EL_TtQKiiZmZbbyKYQofaf8Kv
528,DgqTrHorDoQk5vT8U2eH36,AV-EL_DgqTrHorDoQk5vT8U2eH36
529,Y9mWzi5iFZD49AG84xqYy8,AV-EL_Y9mWzi5iFZD49AG84xqYy8
530,C37g7GYrfiAqP8SUyFyJJw,AV-EL_C37g7GYrfiAqP8SUyFyJJw
531,SrVdSYUM9WMae4J2qKxyd8,AV-EL_SrVdSYUM9WMae4J2qKxyd8
532,DVHBn7sJbeiGmgQFg3mxQr,AV-EL_DVHBn7sJbeiGmgQFg3mxQr
533,ChaeTC5hJ36W786HRvUmp8,AV-EL_ChaeTC5hJ36W786HRvUmp8
534,k2ueb3kT5zzEb8EHvYuJc7,AV-EL_k2ueb3kT5zzEb8EHvYuJc7
535,at8YxSbrHHS9x4bwrzCzcX,AV-EL_at8YxSbrHHS9x4bwrzCzcX
536,6dpE38x6D56cvB56eNrtqa,AV-EL_6dpE38x6D56cvB56eNrtqa
537,cyL7tHEhmbdmu7q5dzyoVP,AV-EL_cyL7tHEhmbdmu7q5dzyoVP
538,Fgj4xLYZqarfNS2MEXzQbu,AV-EL_Fgj4xLYZqarfNS2MEXzQbu
539,RiPuSpqFhTbTWkUdFHUYgd,AV-EL_RiPuSpqFhTbTWkUdFHUYgd
540,TNSwYcJWEhNYQcKoRBFCtE,AV-EL_TNSwYcJWEhNYQcKoRBFCtE
541,TAgsaX3cSEpNbu4z7Ki2mL,AV-EL_TAgsaX3cSEpNbu4z7Ki2mL
542,VLwmPRg4bSbCv6n5Hs2gJk,AV-EL_VLwmPRg4bSbCv6n5Hs2gJk
543,BFMh4XGJrGhEmmeuVVNdiy,AV-EL_BFMh4XGJrGhEmmeuVVNdiy
544,4wQGSwqyb8V4h8dLuse5dn,AV-EL_4wQGSwqyb8V4h8dLuse5dn
545,BcrXQX74VN8Q5MygWSaHF3,AV-EL_BcrXQX74VN8Q5MygWSaHF3
546,o9TNjG5jHuMG8VDqq9Zy4Q,AV-EL_o9TNjG5jHuMG8VDqq9Zy4Q
547,GjKgMrYwT8bDGmSA9DkU6S,AV-EL_GjKgMrYwT8bDGmSA9DkU6S
548,2p3MqYmZ8BF6c7rFy3MV8b,AV-EL_2p3MqYmZ8BF6c7rFy3MV8b
549,jphzLKMo2T6UjfnTqbRYwC,AV-EL_jphzLKMo2T6UjfnTqbRYwC
550,kVMLCyP4MMeUhE94Qka2HB,AV-EL_kVMLCyP4MMeUhE94Qka2HB
551,JG3HeDCtxE7gW8H3AjsKAt,AV-EL_JG3HeDCtxE7gW8H3AjsKAt
552,be4Fwbs6wUhoX2fqdeeTxK,AV-EL_be4Fwbs6wUhoX2fqdeeTxK
553,iduM4ATeRTYKg9FyAV3T7E,AV-EL_iduM4ATeRTYKg9FyAV3T7E
554,Q7XWueE2PwjaauVkE3LytM,AV-EL_Q7XWueE2PwjaauVkE3LytM
555,Bte53NVif8KZqt8yohqZ6v,AV-EL_Bte53NVif8KZqt8yohqZ6v
556,8ZGgZnMc7agHyL8Zn5afH8,AV-EL_8ZGgZnMc7agHyL8Zn5afH8
557,D35CmTzTRt2H5wuuRcXLA8,AV-EL_D35CmTzTRt2H5wuuRcXLA8
558,jTc7bwZgGZumWvQea37atv,AV-EL_jTc7bwZgGZumWvQea37atv
559,CuteoTuq3mtmGqbkNa4fG5,AV-EL_CuteoTuq3mtmGqbkNa4fG5
560,kgPCnkdK29VZNmPaTYeXS3,AV-EL_kgPCnkdK29VZNmPaTYeXS3
561,iJ7S5msovxtALEKDy53qU7,AV-EL_iJ7S5msovxtALEKDy53qU7
562,doEosq2hBEJ439SoPg7JUb,AV-EL_doEosq2hBEJ439SoPg7JUb
563,ddNQiAqic2HXw9NJCg9DTV,AV-EL_ddNQiAqic2HXw9NJCg9DTV
564,enfWpMekFkfNTzQVCyPXhH,AV-EL_enfWpMekFkfNTzQVCyPXhH
565,2DqMRN7u3rLSDDokgktGXb,AV-EL_2DqMRN7u3rLSDDokgktGXb
566,QwQacERR48ySmL9rpfHapX,AV-EL_QwQacERR48ySmL9rpfHapX
567,CVBvMiLffQsTKriYUBA8dt,AV-EL_CVBvMiLffQsTKriYUBA8dt
568,NMjd7eFT3TKdXYQvMQnjhC,AV-EL_NMjd7eFT3TKdXYQvMQnjhC
569,m94Fzru5rt5UTYvPJsbxMg,AV-EL_m94Fzru5rt5UTYvPJsbxMg
570,eeCZZAvUV6Bq7GguE8eYVb,AV-EL_eeCZZAvUV6Bq7GguE8eYVb
571,c94NzognMvKNWzbGsYeBLj,AV-EL_c94NzognMvKNWzbGsYeBLj
572,8Yy5qFPKmfWjDYC8LtkPMo,AV-EL_8Yy5qFPKmfWjDYC8LtkPMo
573,daUDRQ72VpuuZYia4xHMfv,AV-EL_daUDRQ72VpuuZYia4xHMfv
574,NBQZGkVm4vyY4qzUAXV8rS,AV-EL_NBQZGkVm4vyY4qzUAXV8rS
575,cR4agC3vPqx39LDexT7FmY,AV-EL_cR4agC3vPqx39LDexT7FmY
576,PGTBgcvxVbyj5TV54sPwzN,AV-EL_PGTBgcvxVbyj5TV54sPwzN
577,CjAuP8TaVtb955FKnRBjbn,AV-EL_CjAuP8TaVtb955FKnRBjbn
578,ieq3ko6qmXvsKhhKZEuSwx,AV-EL_ieq3ko6qmXvsKhhKZEuSwx
579,mRoVgVs2xkuAdh4f7AqmBk,AV-EL_mRoVgVs2xkuAdh4f7AqmBk
580,fB5HBUGwXtejqy8ZfWVhYu,AV-EL_fB5HBUGwXtejqy8ZfWVhYu
581,Rmn444EcDWNr7TWx4rdqkB,AV-EL_Rmn444EcDWNr7TWx4rdqkB
582,GNT6DngJCb5HjpXNcvrR4M,AV-EL_GNT6DngJCb5HjpXNcvrR4M
583,oTDB5FL4zVYjVUGY8LxKkK,AV-EL_oTDB5FL4zVYjVUGY8LxKkK
584,Dv3kASWTw8CjXpiybUcRNC,AV-EL_Dv3kASWTw8CjXpiybUcRNC
585,D6rnJUYRR56usg4j95UQ7d,AV-EL_D6rnJUYRR56usg4j95UQ7d
586,Lt6Axrr692mMUdyFmHTK3P,AV-EL_Lt6Axrr692mMUdyFmHTK3P
587,k4EWKjeEpHEf5y9GSnQHup,AV-EL_k4EWKjeEpHEf5y9GSnQHup
588,eDPE99Tvf4k8UMAY3PnFby,AV-EL_eDPE99Tvf4k8UMAY3PnFby
589,N5h7WsuqfmTBXrNQjBfraf,AV-EL_N5h7WsuqfmTBXrNQjBfraf
590,MXfAmvneSENYE6JPhSJHAd,AV-EL_MXfAmvneSENYE6JPhSJHAd
591,VmctyDJnVtEYDgrNVhbTT2,AV-EL_VmctyDJnVtEYDgrNVhbTT2
592,4LEVQZws68PeDBojjYEgk5,AV-EL_4LEVQZws68PeDBojjYEgk5
593,Z3aJsUztvrMTz9HFdThcga,AV-EL_Z3aJsUztvrMTz9HFdThcga
594,JSWZP3xz9gbb7kap3v5V8F,AV-EL_JSWZP3xz9gbb7kap3v5V8F
595,hTzUA6HWjAvg4tW4AKaKAz,AV-EL_hTzUA6HWjAvg4tW4AKaKAz
596,CpzaZ7BTDUDKyqx6vsSNtK,AV-EL_CpzaZ7BTDUDKyqx6vsSNtK
597,NprvjJC5xjMgkoGSLHBZ9r,AV-EL_NprvjJC5xjMgkoGSLHBZ9r
598,Zkxnh99MfD7gcQtiXdeTFB,AV-EL_Zkxnh99MfD7gcQtiXdeTFB
599,LzawycQLMXHXSYYmAZTFjc,AV-EL_LzawycQLMXHXSYYmAZTFjc
600,U7eTjQjEv4zh5BgvovEqak,AV-EL_U7eTjQjEv4zh5BgvovEqak
601,cApbNTbA7mg8ihNJc7Wmim,AV-EL_cApbNTbA7mg8ihNJc7Wmim
602,NFN9oB6ZQW2TewwfCtxide,AV-EL_NFN9oB6ZQW2TewwfCtxide
603,FYbKhfpCJRWGrjNHNHiNqW,AV-EL_FYbKhfpCJRWGrjNHNHiNqW
604,559zsGkpJTohckBbhYXZst,AV-EL_559zsGkpJTohckBbhYXZst
605,e2jQYX8N5KFM9B8sto3UDk,AV-EL_e2jQYX8N5KFM9B8sto3UDk
606,AW3uwuJttJ67frpGTTJS7S,AV-EL_AW3uwuJttJ67frpGTTJS7S
607,cJaAq5UTmntHM8EkQ57H7M,AV-EL_cJaAq5UTmntHM8EkQ57H7M
608,5QrdJGvgwe97QyBkg5MESx,AV-EL_5QrdJGvgwe97QyBkg5MESx
609,ApFH8nqtiVdFWTMdViVCVH,AV-EL_ApFH8nqtiVdFWTMdViVCVH
610,cUJxwKF3GqqVdJpnW6zrUC,AV-EL_cUJxwKF3GqqVdJpnW6zrUC
611,Jt8er7kB3CiLLWPZazLAUx,AV-EL_Jt8er7kB3CiLLWPZazLAUx
612,34SCWzk24x97mgDPp46acJ,AV-EL_34SCWzk24x97mgDPp46acJ
613,LbsL9gCYKquSxXqd5WEsqm,AV-EL_LbsL9gCYKquSxXqd5WEsqm
614,74GegMtLpbYuo6CvDH9MEY,AV-EL_74GegMtLpbYuo6CvDH9MEY
615,mT5bSo6nGgJDUhsbZsT87o,AV-EL_mT5bSo6nGgJDUhsbZsT87o
616,nD2QEuGVuHkutQ3RT9NB4B,AV-EL_nD2QEuGVuHkutQ3RT9NB4B
617,YzpChEjeWPhpuNjwGyhnaH,AV-EL_YzpChEjeWPhpuNjwGyhnaH
618,A5bEGTcpX3aDoKqWU855n2,AV-EL_A5bEGTcpX3aDoKqWU855n2
619,EPU9kamCgfUwGLFrRtP44L,AV-EL_EPU9kamCgfUwGLFrRtP44L
620,c2CxkFGPFakVusQR5wZokE,AV-EL_c2CxkFGPFakVusQR5wZokE
621,UNBseVMy5ZBxWG8EWt7T3a,AV-EL_UNBseVMy5ZBxWG8EWt7T3a
622,KVLvqb6nm9w4ooNzahFcmN,AV-EL_KVLvqb6nm9w4ooNzahFcmN
623,RzbopqoiXAHYgb3Lf4QKNa,AV-EL_RzbopqoiXAHYgb3Lf4QKNa
624,cEup6cWy6YhZWqCiabbmr6,AV-EL_cEup6cWy6YhZWqCiabbmr6
625,U93guYgguSQ8vFj5DkH38q,AV-EL_U93guYgguSQ8vFj5DkH38q
626,fMkAJDWWWDFdEGcXhDAmeq,AV-EL_fMkAJDWWWDFdEGcXhDAmeq
627,P8cANVCHoMUYBToCpECcm6,AV-EL_P8cANVCHoMUYBToCpECcm6
628,fSmgSD9fsi5GXFyHgxV5jn,AV-EL_fSmgSD9fsi5GXFyHgxV5jn
629,6ydSEhofidwc57RHh8Qpyy,AV-EL_6ydSEhofidwc57RHh8Qpyy
630,GVP6wALaJpeZ77n9tm3Dk5,AV-EL_GVP6wALaJpeZ77n9tm3Dk5
631,mbv8P7Cv4V93WAE8g6gyLG,AV-EL_mbv8P7Cv4V93WAE8g6gyLG
632,gYqkVzUdw96FvGZtudtLfC,AV-EL_gYqkVzUdw96FvGZtudtLfC
633,bf3DMNXxyoErQJmV66jDvc,AV-EL_bf3DMNXxyoErQJmV66jDvc
634,9FtNwrra4Sw4u5YTu35J5W,AV-EL_9FtNwrra4Sw4u5YTu35J5W
635,2Gi6CsB9ZkNMxXmB7jRrMY,AV-EL_2Gi6CsB9ZkNMxXmB7jRrMY
636,jEF6MqtETuLBozmY4LQxCu,AV-EL_jEF6MqtETuLBozmY4LQxCu
637,UUbVc9oGB2HfbXCSBwig8z,AV-EL_UUbVc9oGB2HfbXCSBwig8z
638,TN6CatrsFpc6kbghhVSZ6A,AV-EL_TN6CatrsFpc6kbghhVSZ6A
639,nkAKpXcecuR6AKuTCKz8Rr,AV-EL_nkAKpXcecuR6AKuTCKz8Rr
640,7xbGAQhgXqHuFoecTGrMmS,AV-EL_7xbGAQhgXqHuFoecTGrMmS
641,H9VKiTjoFhpEj4xMoub8R6,AV-EL_H9VKiTjoFhpEj4xMoub8R6
642,nyc8wMjEBhzrmsUtVHchjW,AV-EL_nyc8wMjEBhzrmsUtVHchjW
643,YgmjtxixBfdEbDoGmnMwX3,AV-EL_YgmjtxixBfdEbDoGmnMwX3
644,fbJZ5U3a62apdtXJ87vSLJ,AV-EL_fbJZ5U3a62apdtXJ87vSLJ
645,iC9gieh2XjZizZxGDy9qQC,AV-EL_iC9gieh2XjZizZxGDy9qQC
646,FCYsKL5EBnQR5w7Sx8nNkL,AV-EL_FCYsKL5EBnQR5w7Sx8nNkL
647,LcNcPATgogX59oHiUCbvSf,AV-EL_LcNcPATgogX59oHiUCbvSf
648,Aa3GL7uawd8EG3irNgbWdB,AV-EL_Aa3GL7uawd8EG3irNgbWdB
649,oNVJ4tgFShAYj97SyL83W4,AV-EL_oNVJ4tgFShAYj97SyL83W4
650,CfXPuRqwUQ2z9hN9g6ZYdn,AV-EL_CfXPuRqwUQ2z9hN9g6ZYdn
651,Eff74HM9JeqJEsXFsHDJ8d,AV-EL_Eff74HM9JeqJEsXFsHDJ8d
652,5J5u7UDe6G97PN9HjcJim9,AV-EL_5J5u7UDe6G97PN9HjcJim9
653,SEoL4f3mMX9fAehN32nGvd,AV-EL_SEoL4f3mMX9fAehN32nGvd
654,bNicNvDy3FSfiKnmyhWjBp,AV-EL_bNicNvDy3FSfiKnmyhWjBp
655,6ywKwHTqzay7K9XgW7i9AJ,AV-EL_6ywKwHTqzay7K9XgW7i9AJ
656,C35XkG4sT8qpHgnAtBQZkD,AV-EL_C35XkG4sT8qpHgnAtBQZkD
657,gA3Z2VqYzMyY7mkPdDFWVt,AV-EL_gA3Z2VqYzMyY7mkPdDFWVt
658,7xqeBLKya4XaaoeT5uWB68,AV-EL_7xqeBLKya4XaaoeT5uWB68
659,3Lfd7PE2dyJ9kifoTHvFiC,AV-EL_3Lfd7PE2dyJ9kifoTHvFiC
660,Nx4dYUnV5DNbDsZkGchsSt,AV-EL_Nx4dYUnV5DNbDsZkGchsSt
661,mueThu27EpsKWx7ayUyNrT,AV-EL_mueThu27EpsKWx7ayUyNrT
662,m6z2A8e9dTEbMxvdhwgoRt,AV-EL_m6z2A8e9dTEbMxvdhwgoRt
663,G3XS2bsjd4Uj4XB8KyXzuC,AV-EL_G3XS2bsjd4Uj4XB8KyXzuC
664,KtBMUY8TzP4UWuUsminFCb,AV-EL_KtBMUY8TzP4UWuUsminFCb
665,DB5pyQ3FTjuBtrpUD2hr6Q,AV-EL_DB5pyQ3FTjuBtrpUD2hr6Q
666,RVHLhSX5ubMTcT5HzswWjS,AV-EL_RVHLhSX5ubMTcT5HzswWjS
667,5fy8Adsv9d8wj2pV6mehNa,AV-EL_5fy8Adsv9d8wj2pV6mehNa
668,ijwBMhaE3UHMaNGpkQz5HP,AV-EL_ijwBMhaE3UHMaNGpkQz5HP
669,YPhewpVxwr4KuHQja9gBmY,AV-EL_YPhewpVxwr4KuHQja9gBmY
670,eDYGpCPKqFr4snYuPmMo25,AV-EL_eDYGpCPKqFr4snYuPmMo25
671,3gNogWzTqdefP49tbw2aa6,AV-EL_3gNogWzTqdefP49tbw2aa6
672,3mvHfUgHDEdzHhstPdFZNa,AV-EL_3mvHfUgHDEdzHhstPdFZNa
673,8iXpMjiYJe7BoykAiGon9D,AV-EL_8iXpMjiYJe7BoykAiGon9D
674,mo87q9ZUzh6t46SBQ8tgoh,AV-EL_mo87q9ZUzh6t46SBQ8tgoh
675,NQPE4Bw9HHqVLyzc4WH9z6,AV-EL_NQPE4Bw9HHqVLyzc4WH9z6
676,PE55m8ZdgmDvCXTcC4Rmme,AV-EL_PE55m8ZdgmDvCXTcC4Rmme
677,7Bjytgqng8gEzQ7z9ucosy,AV-EL_7Bjytgqng8gEzQ7z9ucosy
678,4Z5beAKazJDHyw7Zkaop8a,AV-EL_4Z5beAKazJDHyw7Zkaop8a
679,fyzgz95HZA2jvLb3DhYMmj,AV-EL_fyzgz95HZA2jvLb3DhYMmj
680,2vxc686KZARdMnGLRkZpbY,AV-EL_2vxc686KZARdMnGLRkZpbY
681,N8kMScUsARQBAujcCqb58J,AV-EL_N8kMScUsARQBAujcCqb58J
682,dSkvkGMcxDp2kQLyL9A94k,AV-EL_dSkvkGMcxDp2kQLyL9A94k
683,Z6GkWdGgw9T3vCwXVJwgNJ,AV-EL_Z6GkWdGgw9T3vCwXVJwgNJ
684,YfPXY2Eq4Y3rXXFPDQAuvG,AV-EL_YfPXY2Eq4Y3rXXFPDQAuvG
685,B3DyGwxEj4g8YWiwuePLAC,AV-EL_B3DyGwxEj4g8YWiwuePLAC
686,b7VqTCTu4sJbTmRGFDSnRB,AV-EL_b7VqTCTu4sJbTmRGFDSnRB
687,X6VtHn3JTj26hRCkSZz6kf,AV-EL_X6VtHn3JTj26hRCkSZz6kf
688,XhyLS5Xp7waQUvYdXnGKdX,AV-EL_XhyLS5Xp7waQUvYdXnGKdX
689,nD6kB3jfN5p8xoVfjLUkFQ,AV-EL_nD6kB3jfN5p8xoVfjLUkFQ
690,9rnYACK6ENDaZGAyRSJbmg,AV-EL_9rnYACK6ENDaZGAyRSJbmg
691,D9jUdF5R5d6YGco4tQ7qhx,AV-EL_D9jUdF5R5d6YGco4tQ7qhx
692,FoLMndmcgEymETpmTsf66J,AV-EL_FoLMndmcgEymETpmTsf66J
693,97CuxhrwHFihnvhRLABff6,AV-EL_97CuxhrwHFihnvhRLABff6
694,njSLn3E9XYzSBVNc7nqHZF,AV-EL_njSLn3E9XYzSBVNc7nqHZF
695,nB5q6qGHQ4hJTgjdUdVa9Z,AV-EL_nB5q6qGHQ4hJTgjdUdVa9Z
696,ekMRQJk9rzJbtUpaGjQFJt,AV-EL_ekMRQJk9rzJbtUpaGjQFJt
697,etfz3xEsXwATRPVKX4iU6r,AV-EL_etfz3xEsXwATRPVKX4iU6r
698,NUMonZs4MetY7JQvozNJR8,AV-EL_NUMonZs4MetY7JQvozNJR8
699,SLxEdwKfqQNxvivG8xd5zx,AV-EL_SLxEdwKfqQNxvivG8xd5zx
700,9v6wQwqphUbkLPuMW7ui3N,AV-EL_9v6wQwqphUbkLPuMW7ui3N
701,Ys8dfZuG9cUJEEgm6G3ygM,AV-EL_Ys8dfZuG9cUJEEgm6G3ygM
702,RkpTYq48ZSHAR5DHd83Gva,AV-EL_RkpTYq48ZSHAR5DHd83Gva
703,hvRetosKHHPFRBwVMaepKu,AV-EL_hvRetosKHHPFRBwVMaepKu
704,BrnLdVbaNcfq4jU6ehU3C4,AV-EL_BrnLdVbaNcfq4jU6ehU3C4
705,SWgwC5KBayVYjCYEEMpKhZ,AV-EL_SWgwC5KBayVYjCYEEMpKhZ
706,YgXCauBXFLUz2MDR4r2XE6,AV-EL_YgXCauBXFLUz2MDR4r2XE6
707,b5ZNnpYdzAQjqdUKxDk3Q7,AV-EL_b5ZNnpYdzAQjqdUKxDk3Q7
708,LcsibHusLB7Ejh9oybze5o,AV-EL_LcsibHusLB7Ejh9oybze5o
709,HGu9kzRiYWBW52DALmcRyc,AV-EL_HGu9kzRiYWBW52DALmcRyc
710,9nxCCTt8yJnueZdNxr8SnG,AV-EL_9nxCCTt8yJnueZdNxr8SnG
711,jJyyYaq5392VhABsQKD2ns,AV-EL_jJyyYaq5392VhABsQKD2ns
712,QU9Q4zXfisfyWWLz2AuXaH,AV-EL_QU9Q4zXfisfyWWLz2AuXaH
713,Xd7VUmxhqo8YB3fuXikcuy,AV-EL_Xd7VUmxhqo8YB3fuXikcuy
714,8qerPN7m4SQNGcvoAcaJCU,AV-EL_8qerPN7m4SQNGcvoAcaJCU
715,bfGMKvYtVDoWB4ZWhBZ26S,AV-EL_bfGMKvYtVDoWB4ZWhBZ26S
716,TtyTvcPGhF8mfeEaxk9i7h,AV-EL_TtyTvcPGhF8mfeEaxk9i7h
717,Yge4WAfccWfvaECWto4RPq,AV-EL_Yge4WAfccWfvaECWto4RPq
718,45oaD4dfmx8o3fmmCGKFPj,AV-EL_45oaD4dfmx8o3fmmCGKFPj
719,K9CVYExsPPUnxCChqmDuax,AV-EL_K9CVYExsPPUnxCChqmDuax
720,DiKv9qRMayzePLdZ27zV6P,AV-EL_DiKv9qRMayzePLdZ27zV6P
721,JLdq9UrNgxfDusKF23wFic,AV-EL_JLdq9UrNgxfDusKF23wFic
722,Bw2YAFhKB5NqewsnR7Lrek,AV-EL_Bw2YAFhKB5NqewsnR7Lrek
723,KXjNtph8J8c2YhXyRhzha9,AV-EL_KXjNtph8J8c2YhXyRhzha9
724,7RtEJW5YJDu2ydLKFjnfNe,AV-EL_7RtEJW5YJDu2ydLKFjnfNe
725,EMxeFyJAQ54PWcvGo5WZEk,AV-EL_EMxeFyJAQ54PWcvGo5WZEk
726,Wut3mXg627fgtPhMTZJxWQ,AV-EL_Wut3mXg627fgtPhMTZJxWQ
727,dsZCgsYCLkcxwoXGCNjJwh,AV-EL_dsZCgsYCLkcxwoXGCNjJwh
728,EqZvpmxtbDCKwgiJoivz9N,AV-EL_EqZvpmxtbDCKwgiJoivz9N
729,E2GyEzLLYjPFnaP33iir66,AV-EL_E2GyEzLLYjPFnaP33iir66
730,aVtuZSBTpdkXYcdBMak6wM,AV-EL_aVtuZSBTpdkXYcdBMak6wM
731,iTDvnTvUbNHjKpvtu4nCMy,AV-EL_iTDvnTvUbNHjKpvtu4nCMy
732,JRPzkhm3YjBoUcsQTrSnr4,AV-EL_JRPzkhm3YjBoUcsQTrSnr4
733,3iKnfzJAg54LVtjZqjMhXt,AV-EL_3iKnfzJAg54LVtjZqjMhXt
734,jLzHp7JueZCf2QGYXtiVZ3,AV-EL_jLzHp7JueZCf2QGYXtiVZ3
735,8zsV84H65LAUq8z5RCZqSS,AV-EL_8zsV84H65LAUq8z5RCZqSS
736,aHYpyJCbRdcMYi4rNJogt3,AV-EL_aHYpyJCbRdcMYi4rNJogt3
737,YTB85RTLMhBhnhqJNv2oyG,AV-EL_YTB85RTLMhBhnhqJNv2oyG
738,CjNwFwmsZswuzvR3YwURPa,AV-EL_CjNwFwmsZswuzvR3YwURPa
739,EhzFsV9m3UoAaeaWqogKQB,AV-EL_EhzFsV9m3UoAaeaWqogKQB
740,Daoa5sDvY53v77E7RS2g62,AV-EL_Daoa5sDvY53v77E7RS2g62
741,LEj4mLmUPKVooFaQPkpFbG,AV-EL_LEj4mLmUPKVooFaQPkpFbG
742,3Jmu2fGiK3PvSoq2sTogwo,AV-EL_3Jmu2fGiK3PvSoq2sTogwo
743,5RFTJogsEmaEHQL3C9gz3S,AV-EL_5RFTJogsEmaEHQL3C9gz3S
744,bqVgLiUPFs42oQZiStFFnA,AV-EL_bqVgLiUPFs42oQZiStFFnA
745,d2jbQr7XrXc5RzUA78uz2u,AV-EL_d2jbQr7XrXc5RzUA78uz2u
746,n4X2SLFaN6fkC42MSnMHp8,AV-EL_n4X2SLFaN6fkC42MSnMHp8
747,WP5fzKMCdceFkb7YdxcKvg,AV-EL_WP5fzKMCdceFkb7YdxcKvg
748,KkUt3rHQTSWpco2t8GKGon,AV-EL_KkUt3rHQTSWpco2t8GKGon
749,ALQGt9w7P4Y8MZ4Wbz5kCs,AV-EL_ALQGt9w7P4Y8MZ4Wbz5kCs
750,LfazK2uFehXKwu3G8GthzV,AV-EL_LfazK2uFehXKwu3G8GthzV
751,7mF3TtyE2JJJGP3votBbMy,AV-EL_7mF3TtyE2JJJGP3votBbMy
752,eWKxqENSrTmSLLTwP8NzTF,AV-EL_eWKxqENSrTmSLLTwP8NzTF
753,mNifeqG2i27CKGoK7aNjAg,AV-EL_mNifeqG2i27CKGoK7aNjAg
754,ZGQ27YSbxa6mUi8KkBCvez,AV-EL_ZGQ27YSbxa6mUi8KkBCvez
755,jiVpX576SkkAqarMRg3sNA,AV-EL_jiVpX576SkkAqarMRg3sNA
756,Kq7joEyWeyTcrYLiXKDsEy,AV-EL_Kq7joEyWeyTcrYLiXKDsEy
757,4FYaG3dxY7UTvUYskcHyTh,AV-EL_4FYaG3dxY7UTvUYskcHyTh
758,WbWHnjoNsgcL2iPR4ThGPY,AV-EL_WbWHnjoNsgcL2iPR4ThGPY
759,hPxxcWP6ar3XPbrtvHPSob,AV-EL_hPxxcWP6ar3XPbrtvHPSob
760,j3fbP4g9C5UXx7GP6WcHhG,AV-EL_j3fbP4g9C5UXx7GP6WcHhG
761,69Sv4LwcDXEHQxewXuJncZ,AV-EL_69Sv4LwcDXEHQxewXuJncZ
762,e2NLY4K4o2qKfJYtrZ5nub,AV-EL_e2NLY4K4o2qKfJYtrZ5nub
763,K7hawnFv7eDNqAFYMpM9cU,AV-EL_K7hawnFv7eDNqAFYMpM9cU
764,LtR55qKdASB28cUGVwnkCX,AV-EL_LtR55qKdASB28cUGVwnkCX
765,6YB2aW4igBTJ4yrtjG4eQW,AV-EL_6YB2aW4igBTJ4yrtjG4eQW
766,7ghSGMZjVSZi8Vj9uqV2Cp,AV-EL_7ghSGMZjVSZi8Vj9uqV2Cp
767,ZEuBeKtv6Y4LP3M7e8VQmG,AV-EL_ZEuBeKtv6Y4LP3M7e8VQmG
768,DyHZnozgsX43qDSwSJzGso,AV-EL_DyHZnozgsX43qDSwSJzGso
769,AUd769A566UefnaBcSEH2Q,AV-EL_AUd769A566UefnaBcSEH2Q
770,L3vJzGgLfkPfWTT3nzVqxR,AV-EL_L3vJzGgLfkPfWTT3nzVqxR
771,BkWXrwBMtBWGVHhqnCRoYr,AV-EL_BkWXrwBMtBWGVHhqnCRoYr
772,BukrYetHWPVhoSMXR4DwRy,AV-EL_BukrYetHWPVhoSMXR4DwRy
773,cH2SYn3nGumBv77rTxtzEA,AV-EL_cH2SYn3nGumBv77rTxtzEA
774,4ZLBJtGqotTsauAkhwSFnb,AV-EL_4ZLBJtGqotTsauAkhwSFnb
775,YL2Zn2rdKfrsnU4c64UbNG,AV-EL_YL2Zn2rdKfrsnU4c64UbNG
776,VguQvTJGkvXwNp5rQ5pYUY,AV-EL_VguQvTJGkvXwNp5rQ5pYUY
777,XyYoZKKLPpsv9pSwKGtwcT,AV-EL_XyYoZKKLPpsv9pSwKGtwcT
778,GtuHFonJuyM5TGqEHAkXYq,AV-EL_GtuHFonJuyM5TGqEHAkXYq
779,a7BVZM9wy9TVTDMCAGqftn,AV-EL_a7BVZM9wy9TVTDMCAGqftn
780,S52yekrHgEyUToJUt5JQrf,AV-EL_S52yekrHgEyUToJUt5JQrf
781,fG6yfx3ZsT7NsaP9GadBf2,AV-EL_fG6yfx3ZsT7NsaP9GadBf2
782,JcvCqMAyeq2xxZ6pu9c7rf,AV-EL_JcvCqMAyeq2xxZ6pu9c7rf
783,ZrLWKcLkYAjLp5bq2ehwez,AV-EL_ZrLWKcLkYAjLp5bq2ehwez
784,8WiY9Fyo6x5vFUpQ3UBVr5,AV-EL_8WiY9Fyo6x5vFUpQ3UBVr5
785,jVzeF86RcquNjEtyHudhhw,AV-EL_jVzeF86RcquNjEtyHudhhw
786,9SfB6Ui3ELxVrVZuPp4XCQ,AV-EL_9SfB6Ui3ELxVrVZuPp4XCQ
787,GLpAsBTkBnwGksAZZ7Wqa8,AV-EL_GLpAsBTkBnwGksAZZ7Wqa8
788,7998fJovuvLaQan8gao8ds,AV-EL_7998fJovuvLaQan8gao8ds
789,5fedxXv2xvUxMZPSngxZtD,AV-EL_5fedxXv2xvUxMZPSngxZtD
790,QWUaBZgimmdaHsbWXMRNkt,AV-EL_QWUaBZgimmdaHsbWXMRNkt
791,4wc5yoNaLyjUxj9fHo85S6,AV-EL_4wc5yoNaLyjUxj9fHo85S6
792,SGgMdrHwZ6DGnru5kr5E9W,AV-EL_SGgMdrHwZ6DGnru5kr5E9W
793,YBd24FncdWB92iWJ95NZKB,AV-EL_YBd24FncdWB92iWJ95NZKB
794,dYCVBAWnD8Vdc2sAXSbab6,AV-EL_dYCVBAWnD8Vdc2sAXSbab6
795,fCG7vixkpveM7Q7rMJJLCG,AV-EL_fCG7vixkpveM7Q7rMJJLCG
796,679dugfLdSfA4T5acUqkKD,AV-EL_679dugfLdSfA4T5acUqkKD
797,PSwpseuwUgCsrmsrdwuhF2,AV-EL_PSwpseuwUgCsrmsrdwuhF2
798,cjcnpzmdfc3cMRa24nVSXu,AV-EL_cjcnpzmdfc3cMRa24nVSXu
799,3PMRoKVBd5qQPuV83GDDh2,AV-EL_3PMRoKVBd5qQPuV83GDDh2
800,hYshCJja3TZrGZeX8vwd9J,AV-EL_hYshCJja3TZrGZeX8vwd9J
801,PUfPbqzWCvmkjEnmS4vaEU,AV-EL_PUfPbqzWCvmkjEnmS4vaEU
802,jPCJ4JjrtFWywRtnAA3ebP,AV-EL_jPCJ4JjrtFWywRtnAA3ebP
803,LhKXjfD4sngGJ96Lecq2AS,AV-EL_LhKXjfD4sngGJ96Lecq2AS
804,W8rhgFuhUPPppjiX7Vrvd6,AV-EL_W8rhgFuhUPPppjiX7Vrvd6
805,XooG5Ch6JrBa3XjzX7qJNh,AV-EL_XooG5Ch6JrBa3XjzX7qJNh
806,P87Kn3hmrKQBp2Ps6Rmw7y,AV-EL_P87Kn3hmrKQBp2Ps6Rmw7y
807,atv3d56A8hmM2ypnEZuCgC,AV-EL_atv3d56A8hmM2ypnEZuCgC
808,LctbJ6NteGCEw8dmjiyfx7,AV-EL_LctbJ6NteGCEw8dmjiyfx7
809,2hB5KbypWCZL3JmvGMJFGQ,AV-EL_2hB5KbypWCZL3JmvGMJFGQ
810,N2EWbXZHuYwrJGt9CqSG4E,AV-EL_N2EWbXZHuYwrJGt9CqSG4E
811,2hEMnwiABsm6okdGxQa86H,AV-EL_2hEMnwiABsm6okdGxQa86H
812,BTRhwoTmVXAj4dWKWLJ95Z,AV-EL_BTRhwoTmVXAj4dWKWLJ95Z
813,Tb4GdNxGdiZLFpSfVr4CqZ,AV-EL_Tb4GdNxGdiZLFpSfVr4CqZ
814,VgBCzQUdoFoVgKMRDXuS5m,AV-EL_VgBCzQUdoFoVgKMRDXuS5m
815,AwoQg3VUaED68zAUuvt3Y3,AV-EL_AwoQg3VUaED68zAUuvt3Y3
816,dYw9dvZHhFdTjQLop4WnfR,AV-EL_dYw9dvZHhFdTjQLop4WnfR
817,aRjtp3DcPNGtjaDnykqXqj,AV-EL_aRjtp3DcPNGtjaDnykqXqj
818,3qDq96NFxqftJX6HZB3hFU,AV-EL_3qDq96NFxqftJX6HZB3hFU
819,QPSDcJsBLWYMqukhiQicjh,AV-EL_QPSDcJsBLWYMqukhiQicjh
820,SwH8aNPTSiuEqYLFDCiQSF,AV-EL_SwH8aNPTSiuEqYLFDCiQSF
821,GmGPKts83imDDKHapLtcgP,AV-EL_GmGPKts83imDDKHapLtcgP
822,C3Ju36GuJ3CztbzWx4jdeU,AV-EL_C3Ju36GuJ3CztbzWx4jdeU
823,VKLnoEHaTk9WciKFzzMrYz,AV-EL_VKLnoEHaTk9WciKFzzMrYz
824,Fm4cwcAWi5gUQuJsRhPch9,AV-EL_Fm4cwcAWi5gUQuJsRhPch9
825,cJLNR48a5deJHsUPohteZ4,AV-EL_cJLNR48a5deJHsUPohteZ4
826,aTnqBnsqzpSWHDGUEv9JoV,AV-EL_aTnqBnsqzpSWHDGUEv9JoV
827,BQAozwJZkDoAQEPqTgMz8g,AV-EL_BQAozwJZkDoAQEPqTgMz8g
828,at3D69tA6BNoMHo3MnqK9o,AV-EL_at3D69tA6BNoMHo3MnqK9o
829,KorEPPV34qmWzPjabduhtt,AV-EL_KorEPPV34qmWzPjabduhtt
830,R49CSw4vaqRMe9XzM7Fcgd,AV-EL_R49CSw4vaqRMe9XzM7Fcgd
831,n3XUoVY4PQtwpWx5goHaW2,AV-EL_n3XUoVY4PQtwpWx5goHaW2
832,VfRXV2tWy9VZJRDchRrscb,AV-EL_VfRXV2tWy9VZJRDchRrscb
833,g5eeP8aF56yfhLJdbFtQjT,AV-EL_g5eeP8aF56yfhLJdbFtQjT
834,4kLJFyMFDKM57w43qRxmge,AV-EL_4kLJFyMFDKM57w43qRxmge
835,9JA57fxEngdu9NdsSrWRoQ,AV-EL_9JA57fxEngdu9NdsSrWRoQ
836,JfpJHKSx8Uq6agbahu6aej,AV-EL_JfpJHKSx8Uq6agbahu6aej
837,h7dRME3xUCPsKHmmacc2Hp,AV-EL_h7dRME3xUCPsKHmmacc2Hp
838,kVKZAnrL8XnAqK3QfRrrz3,AV-EL_kVKZAnrL8XnAqK3QfRrrz3
839,M9Wy6XRaTQnYTsJzqrWpud,AV-EL_M9Wy6XRaTQnYTsJzqrWpud
840,gLEXBAj6mznF8RCkzEGtFq,AV-EL_gLEXBAj6mznF8RCkzEGtFq
841,b7tekU6qLicUu9AXxeyMHV,AV-EL_b7tekU6qLicUu9AXxeyMHV
842,4egcNn6obHKuzz9xE2NLdD,AV-EL_4egcNn6obHKuzz9xE2NLdD
843,Vn8RUffDTQbXoNmVn9bj3A,AV-EL_Vn8RUffDTQbXoNmVn9bj3A
844,ZoiENNkkJ4zR4UySYsBuaF,AV-EL_ZoiENNkkJ4zR4UySYsBuaF
845,WSPvfxJqGyJAXAesBj8p4m,AV-EL_WSPvfxJqGyJAXAesBj8p4m
846,d4orWCV32VRP7pnsUyKtWu,AV-EL_d4orWCV32VRP7pnsUyKtWu
847,8GJzJFsW77zbF5ayKD5kt2,AV-EL_8GJzJFsW77zbF5ayKD5kt2
848,boCDCHwvmzGxBJTY7uUaAA,AV-EL_boCDCHwvmzGxBJTY7uUaAA
849,C65KqqcibBRXHkHNV2FoGc,AV-EL_C65KqqcibBRXHkHNV2FoGc
850,2kwafm7Dye4MHFraB2h2cD,AV-EL_2kwafm7Dye4MHFraB2h2cD
851,KjBTtYPSX8An6BjhUADVHh,AV-EL_KjBTtYPSX8An6BjhUADVHh
852,3EAjhWKdJPQZVWToJ4gjf4,AV-EL_3EAjhWKdJPQZVWToJ4gjf4
853,nFBeK3h3JR6WEDy6wBm9VH,AV-EL_nFBeK3h3JR6WEDy6wBm9VH
854,mQyPvbWf5bw6wcoMnJeckj,AV-EL_mQyPvbWf5bw6wcoMnJeckj
855,kvGCSJqkRP3Z9Y68rVYF6y,AV-EL_kvGCSJqkRP3Z9Y68rVYF6y
856,9EWcoSSyoyKEziRtJD5s69,AV-EL_9EWcoSSyoyKEziRtJD5s69
857,WX54dHnReKrvRjNdyS7PKA,AV-EL_WX54dHnReKrvRjNdyS7PKA
858,fv6pWkEzs3rSbugrNYCAzb,AV-EL_fv6pWkEzs3rSbugrNYCAzb
859,SPNSLAjdHPxm6vxZZQeGGF,AV-EL_SPNSLAjdHPxm6vxZZQeGGF
860,if97UBczDFMtuhQ9savJKJ,AV-EL_if97UBczDFMtuhQ9savJKJ
861,PzUpmVx3H3tFSSeq9Lqv5A,AV-EL_PzUpmVx3H3tFSSeq9Lqv5A
862,3RQUBNJfXh33BDTvzdUsex,AV-EL_3RQUBNJfXh33BDTvzdUsex
863,ZR93E5YwrEmhan83qhgzFS,AV-EL_ZR93E5YwrEmhan83qhgzFS
864,baJHwYaufB29bB5cyBihsh,AV-EL_baJHwYaufB29bB5cyBihsh
865,kAVCxkqgKukuZ9TwEdsdkz,AV-EL_kAVCxkqgKukuZ9TwEdsdkz
866,jq33o6jwqcwSwk6diLxutK,AV-EL_jq33o6jwqcwSwk6diLxutK
867,SxyK2NocthJL2cq2PZZzMF,AV-EL_SxyK2NocthJL2cq2PZZzMF
868,nsWYKz5txSEsTGwCLXWKBf,AV-EL_nsWYKz5txSEsTGwCLXWKBf
869,CPWvH7TqggPieGJsBMJsV5,AV-EL_CPWvH7TqggPieGJsBMJsV5
870,bH3QcFYz7K9npCKh4Yi36s,AV-EL_bH3QcFYz7K9npCKh4Yi36s
871,4CRxxkCrpSsMDNPDF2DEFM,AV-EL_4CRxxkCrpSsMDNPDF2DEFM
872,iVcvrePS9TQk4GsfCZB8VK,AV-EL_iVcvrePS9TQk4GsfCZB8VK
873,MAAWHVey8BJosS7j7T8Uze,AV-EL_MAAWHVey8BJosS7j7T8Uze
874,SjjFTvyGT9GHkqwqK9kCno,AV-EL_SjjFTvyGT9GHkqwqK9kCno
875,hqNF3zVRkAU8SV7reEkERD,AV-EL_hqNF3zVRkAU8SV7reEkERD
876,ZmTX9w96v3kpxueCzEt9PP,AV-EL_ZmTX9w96v3kpxueCzEt9PP
877,PHPLYo6deSY5eKne49H2ze,AV-EL_PHPLYo6deSY5eKne49H2ze
878,jLhwsUhUJM27C4hXfTcVwe,AV-EL_jLhwsUhUJM27C4hXfTcVwe
879,C4VCQLmpWjQo7FBPJYGZXx,AV-EL_C4VCQLmpWjQo7FBPJYGZXx
880,ebb4AAjS7mggHVoWJHFJhN,AV-EL_ebb4AAjS7mggHVoWJHFJhN
881,X6GawaBd5zAwHRnosxqKqm,AV-EL_X6GawaBd5zAwHRnosxqKqm
882,FfDZz5bgoWuyFMbcAdtXZ4,AV-EL_FfDZz5bgoWuyFMbcAdtXZ4
883,TPNjA4A9tpgcEBs7yM6Xyk,AV-EL_TPNjA4A9tpgcEBs7yM6Xyk
884,EZstyT4rkwfij9eZVkUKUq,AV-EL_EZstyT4rkwfij9eZVkUKUq
885,7XKZ928FoRL26jdng3T4dX,AV-EL_7XKZ928FoRL26jdng3T4dX
886,A7UCSrMFDj3DCTr3c6X8df,AV-EL_A7UCSrMFDj3DCTr3c6X8df
887,5PAdBsGRT4DpeLgnaYxkTa,AV-EL_5PAdBsGRT4DpeLgnaYxkTa
888,PbEEuGqN2qUNP9Ch6YSUR2,AV-EL_PbEEuGqN2qUNP9Ch6YSUR2
889,b8Nt3FLCLnCikLT6LZxJP8,AV-EL_b8Nt3FLCLnCikLT6LZxJP8
890,AZ2VPQZvNmvxJsSQvReQRi,AV-EL_AZ2VPQZvNmvxJsSQvReQRi
891,GDeW87QUmzwNBFc8VdiPRQ,AV-EL_GDeW87QUmzwNBFc8VdiPRQ
892,DTVLiwJdyKNYXi9nfLfTcB,AV-EL_DTVLiwJdyKNYXi9nfLfTcB
893,FhTXjwBHYABVJEueAkuP74,AV-EL_FhTXjwBHYABVJEueAkuP74
894,XzHayYZP83gNuK8c3TLtaU,AV-EL_XzHayYZP83gNuK8c3TLtaU
895,gbvRB2khRquoNNJ62qByt5,AV-EL_gbvRB2khRquoNNJ62qByt5
896,n9t9k68DGZF65U2sTvWPm8,AV-EL_n9t9k68DGZF65U2sTvWPm8
897,252rNMurEV2w4mXbXUo5Z3,AV-EL_252rNMurEV2w4mXbXUo5Z3
898,kqfbeRUkKVQ9M96FxGKDib,AV-EL_kqfbeRUkKVQ9M96FxGKDib
899,bFN9CWg3akWUX6QTRiTgzj,AV-EL_bFN9CWg3akWUX6QTRiTgzj
900,7BsLbNEzQf6R3tKUpTKx32,AV-EL_7BsLbNEzQf6R3tKUpTKx32
901,YDJRZf5TSUExrjU33onToD,AV-EL_YDJRZf5TSUExrjU33onToD
902,Aifn4iamSbdGLkggaFfNcd,AV-EL_Aifn4iamSbdGLkggaFfNcd
903,FZmL3pxt5Zh5UekNYDVgxQ,AV-EL_FZmL3pxt5Zh5UekNYDVgxQ
904,EaFunAexvgEKWEhjd7pKZ9,AV-EL_EaFunAexvgEKWEhjd7pKZ9
905,YJWxScFeK7YEmq9X9UFSNp,AV-EL_YJWxScFeK7YEmq9X9UFSNp
906,nLR3inYsmHwWhXaF3v7S3b,AV-EL_nLR3inYsmHwWhXaF3v7S3b
907,jnSBqniyCuPGznrgn4wDa6,AV-EL_jnSBqniyCuPGznrgn4wDa6
908,7rxA6DiFUTeWwsdtMCUN5K,AV-EL_7rxA6DiFUTeWwsdtMCUN5K
909,W9QrFJseqzj26JXvNeZ7yi,AV-EL_W9QrFJseqzj26JXvNeZ7yi
910,SJintHnH3nPAK4uTn64ZPL,AV-EL_SJintHnH3nPAK4uTn64ZPL
911,GJrqk8pz44BEo4R6xg2C2b,AV-EL_GJrqk8pz44BEo4R6xg2C2b
912,SjQuVCAgKxo35P3UwcKraj,AV-EL_SjQuVCAgKxo35P3UwcKraj
913,HjdFdzNNEAdAEbDEMxzBXv,AV-EL_HjdFdzNNEAdAEbDEMxzBXv
914,K6c8BNq9FcbDFPCYkTiYWS,AV-EL_K6c8BNq9FcbDFPCYkTiYWS
915,hvFQnecvzkivFhdp5TwEt8,AV-EL_hvFQnecvzkivFhdp5TwEt8
916,9xD7MgtXYBsvDLnAFmmk39,AV-EL_9xD7MgtXYBsvDLnAFmmk39
917,3fzVcaN5vMzzDQcj2hn7Yj,AV-EL_3fzVcaN5vMzzDQcj2hn7Yj
918,kDhnfdppnWWKEzV6RVehC9,AV-EL_kDhnfdppnWWKEzV6RVehC9
919,DuwE2cUit5eotAmXv9d4dB,AV-EL_DuwE2cUit5eotAmXv9d4dB
920,CWBXwFh26ox7WgNdpUeT9m,AV-EL_CWBXwFh26ox7WgNdpUeT9m
921,LbdfcRnCPBn5Dy8X9Aprfm,AV-EL_LbdfcRnCPBn5Dy8X9Aprfm
922,gPXyqjiv5hVk9uG7EMsbye,AV-EL_gPXyqjiv5hVk9uG7EMsbye
923,T4ihNLaGK6yHLG26deARCR,AV-EL_T4ihNLaGK6yHLG26deARCR
924,gX8hbK3rYLipWc55ebWXrG,AV-EL_gX8hbK3rYLipWc55ebWXrG
925,PfgQqMtZFB79zFJDQjzYZK,AV-EL_PfgQqMtZFB79zFJDQjzYZK
926,2fcCzyuMzqVQQSvTqUsvvz,AV-EL_2fcCzyuMzqVQQSvTqUsvvz
927,fgcoz7LgzrxgroLL3tnes4,AV-EL_fgcoz7LgzrxgroLL3tnes4
928,PCS7kzi3gyaK55BJcEJmL6,AV-EL_PCS7kzi3gyaK55BJcEJmL6
929,QNDHwvcVWZFXVg6L2srnbK,AV-EL_QNDHwvcVWZFXVg6L2srnbK
930,n3uZfU6PNMfZG7nE3YpmUb,AV-EL_n3uZfU6PNMfZG7nE3YpmUb
931,G5M9vPpcpz7e7XhBikRfmM,AV-EL_G5M9vPpcpz7e7XhBikRfmM
932,ADyc9iwC9XgVafmoyUX534,AV-EL_ADyc9iwC9XgVafmoyUX534
933,AtzSM5tEHdkFVmMpV8Pkbp,AV-EL_AtzSM5tEHdkFVmMpV8Pkbp
934,fKTBhjaXmLksrJpCDxejeG,AV-EL_fKTBhjaXmLksrJpCDxejeG
935,Aj6hoetBaWABgo8CiRVhwW,AV-EL_Aj6hoetBaWABgo8CiRVhwW
936,92ixAkEVCdW4c94YGLJDMk,AV-EL_92ixAkEVCdW4c94YGLJDMk
937,WtTYPn8J4cxhuhoEdw5eid,AV-EL_WtTYPn8J4cxhuhoEdw5eid
938,TpwVjUWx2ujGKYxqoCiBwL,AV-EL_TpwVjUWx2ujGKYxqoCiBwL
939,Xk74YHSQUqntyUeUVc8A4M,AV-EL_Xk74YHSQUqntyUeUVc8A4M
940,aWDTU8iUyX8iFgprQyVnvw,AV-EL_aWDTU8iUyX8iFgprQyVnvw
941,o65JuvMD3VjCaa8BPtdUi6,AV-EL_o65JuvMD3VjCaa8BPtdUi6
942,KWtnuE7zuEd7NeSDWLE6hd,AV-EL_KWtnuE7zuEd7NeSDWLE6hd
943,dT3ZKCVScgyQbujCsNvxjF,AV-EL_dT3ZKCVScgyQbujCsNvxjF
944,ftG2zvhtjFxteTG62L64gA,AV-EL_ftG2zvhtjFxteTG62L64gA
945,GGZ6TyMwfK767AGpdFoW95,AV-EL_GGZ6TyMwfK767AGpdFoW95
946,nPRQRJf6tCnviEMqyvBxQp,AV-EL_nPRQRJf6tCnviEMqyvBxQp
947,cVhCxXoewL4BbiexrERVMp,AV-EL_cVhCxXoewL4BbiexrERVMp
948,BdL2m9fAMTCLckjw48ci4b,AV-EL_BdL2m9fAMTCLckjw48ci4b
949,WRZz3dnnwVdYA6B5kcJPgj,AV-EL_WRZz3dnnwVdYA6B5kcJPgj
950,VnJbt5gWUc9c78aEAWq4P4,AV-EL_VnJbt5gWUc9c78aEAWq4P4
951,BJXZNqUKbpsDBqWFPjNkiY,AV-EL_BJXZNqUKbpsDBqWFPjNkiY
952,doV9Pu6rd3RNFrwgaLJN25,AV-EL_doV9Pu6rd3RNFrwgaLJN25
953,girX4V89LGJe4vbvYp5dv7,AV-EL_girX4V89LGJe4vbvYp5dv7
954,BwqWjsmcSNYEVPYheNTbGw,AV-EL_BwqWjsmcSNYEVPYheNTbGw
955,HssJEK2bFm7a4b4KyHjyUN,AV-EL_HssJEK2bFm7a4b4KyHjyUN
956,nyoFEhHR9bZYZRjxh2DQZJ,AV-EL_nyoFEhHR9bZYZRjxh2DQZJ
957,jU8TVrUcbh3ewwHurXHxtr,AV-EL_jU8TVrUcbh3ewwHurXHxtr
958,Y6oPB95Fua4NnXceM5gr95,AV-EL_Y6oPB95Fua4NnXceM5gr95
959,9Voa27w6JYL4J9s42xSVQs,AV-EL_9Voa27w6JYL4J9s42xSVQs
960,ZydJU4C4yhdUBdnCHeBVTA,AV-EL_ZydJU4C4yhdUBdnCHeBVTA
961,YytpxhdN5o9LJpdkAhba9U,AV-EL_YytpxhdN5o9LJpdkAhba9U
962,KA23d2BdSr7XEaESv4nf38,AV-EL_KA23d2BdSr7XEaESv4nf38
963,jBEje8MDHcnXkRoZabVpeB,AV-EL_jBEje8MDHcnXkRoZabVpeB
964,kqCwWePyKGgvvrdgM6ihjg,AV-EL_kqCwWePyKGgvvrdgM6ihjg
965,TJs96ikEFsFdEeoj46JYPA,AV-EL_TJs96ikEFsFdEeoj46JYPA
966,LiZQwgQpyCj9TqdHpT9BRH,AV-EL_LiZQwgQpyCj9TqdHpT9BRH
967,G7cNiECuhnJLQViXqPg95F,AV-EL_G7cNiECuhnJLQViXqPg95F
968,dZt7nWVAUteL8ZdXhw99uc,AV-EL_dZt7nWVAUteL8ZdXhw99uc
969,YpukhYYCEUXwewgAuPznfS,AV-EL_YpukhYYCEUXwewgAuPznfS
970,D7mQAjRPiX2erP5tqSbFHh,AV-EL_D7mQAjRPiX2erP5tqSbFHh
971,huNN5zxETv7eMn32Q2TjSt,AV-EL_huNN5zxETv7eMn32Q2TjSt
972,ieond38NWR4k3Bb7eSTdfV,AV-EL_ieond38NWR4k3Bb7eSTdfV
973,Nu6p7LNh7MsMzFnpJBiRKH,AV-EL_Nu6p7LNh7MsMzFnpJBiRKH
974,2uT8wYyZuemqwkoUK7DFEX,AV-EL_2uT8wYyZuemqwkoUK7DFEX
975,ZysY2FukU6cwFYguqCk9B6,AV-EL_ZysY2FukU6cwFYguqCk9B6
976,muAi9ygxiG9QJYUZ6oAgGC,AV-EL_muAi9ygxiG9QJYUZ6oAgGC
977,48CMcoPydRi39ttUjxrMjp,AV-EL_48CMcoPydRi39ttUjxrMjp
978,nufmzGyiZdqHHT4bqNLTqY,AV-EL_nufmzGyiZdqHHT4bqNLTqY
979,oQB8B2VAXur6oFfbEVsLUG,AV-EL_oQB8B2VAXur6oFfbEVsLUG
980,32BbUn6iBCEyoCDme6QGfB,AV-EL_32BbUn6iBCEyoCDme6QGfB
981,ZfFtiquwwSxs372x2RQgNZ,AV-EL_ZfFtiquwwSxs372x2RQgNZ
982,e5Zis7b9AkEp4x3iGFph8c,AV-EL_e5Zis7b9AkEp4x3iGFph8c
983,CdbmacgEH4vQUWgTcHJbcK,AV-EL_CdbmacgEH4vQUWgTcHJbcK
984,4STMFUMHkZ8c4BYrJcTxCS,AV-EL_4STMFUMHkZ8c4BYrJcTxCS
985,ezbFAMAuYVNTfzZ8LtMTMY,AV-EL_ezbFAMAuYVNTfzZ8LtMTMY
986,cJZXXQpELavUYpavRWNYcz,AV-EL_cJZXXQpELavUYpavRWNYcz
987,gy6HvaLTTMz4b5zw8Ky2ey,AV-EL_gy6HvaLTTMz4b5zw8Ky2ey
988,chxQHRQsBC33P6NSNJndn7,AV-EL_chxQHRQsBC33P6NSNJndn7
989,NDbTDgKbmh6Ps2BzYfPH39,AV-EL_NDbTDgKbmh6Ps2BzYfPH39
990,WzHYWJCXHR6EEqTjjfkfe2,AV-EL_WzHYWJCXHR6EEqTjjfkfe2
991,7ugo3fmVoRJSjTzkaqTwwc,AV-EL_7ugo3fmVoRJSjTzkaqTwwc
992,RJFxJkL7QhYhsfWDrmTMtr,AV-EL_RJFxJkL7QhYhsfWDrmTMtr
993,RPuHqFygwWRNY6eLzBkXEA,AV-EL_RPuHqFygwWRNY6eLzBkXEA
994,5KzQE2eNh7WzsBe2br839W,AV-EL_5KzQE2eNh7WzsBe2br839W
995,NQT7XP2qtAx4ryT6cENjyr,AV-EL_NQT7XP2qtAx4ryT6cENjyr
996,XfSh8wfoSs3cb4fVorFXsM,AV-EL_XfSh8wfoSs3cb4fVorFXsM
997,bXxVXXzWy36N7co8JbVpRH,AV-EL_bXxVXXzWy36N7co8JbVpRH
998,E8MWD3iM8rPSMPUtVgJL7N,AV-EL_E8MWD3iM8rPSMPUtVgJL7N
999,Ri7LT93aSUgUPzLYt75Y48,AV-EL_Ri7LT93aSUgUPzLYt75Y48
1000,4VXf4w3BeXqr6EtETG99bi,AV-EL_4VXf4w3BeXqr6EtETG99bi
1001,h8y8hHSoKeMweP5ADbXewG,AV-EL_h8y8hHSoKeMweP5ADbXewG
1002,9sRvF2hmJ4qX5Tv2Pa4CuG,AV-EL_9sRvF2hmJ4qX5Tv2Pa4CuG
1003,mZCoKAqNjKa3hgX4rmtzSK,AV-EL_mZCoKAqNjKa3hgX4rmtzSK
1004,a5RVvNuVvVz6uDXG9VivEc,AV-EL_a5RVvNuVvVz6uDXG9VivEc
1005,CbJ7owbF32VeifLce5JXZr,AV-EL_CbJ7owbF32VeifLce5JXZr
1006,bF2BJLXRgDJcR2GCSnJkHZ,AV-EL_bF2BJLXRgDJcR2GCSnJkHZ
1007,HuSTEX2MARvmErtXFo4TZT,AV-EL_HuSTEX2MARvmErtXFo4TZT
1008,SMtqgqh3yLmWbgLe29T3Qk,AV-EL_SMtqgqh3yLmWbgLe29T3Qk
1009,h4mUU3JXTnyKnyBraq69fs,AV-EL_h4mUU3JXTnyKnyBraq69fs
1010,djg9NPNLZ2J27HgWFnR7bW,AV-EL_djg9NPNLZ2J27HgWFnR7bW
1011,oRujwEdoQedbJhiUY4Pjai,AV-EL_oRujwEdoQedbJhiUY4Pjai
1012,TnswGiSYrYQpMtywRsQDiK,AV-EL_TnswGiSYrYQpMtywRsQDiK
1013,gDzamWUb7ASeSFUryfBGSn,AV-EL_gDzamWUb7ASeSFUryfBGSn
1014,QCvrcNFqBjMN53ejksjifz,AV-EL_QCvrcNFqBjMN53ejksjifz
1015,jcTARjn5XvZWvozM7pwQru,AV-EL_jcTARjn5XvZWvozM7pwQru
1016,ZesDiCmHV8jhphWdYp2Q8n,AV-EL_ZesDiCmHV8jhphWdYp2Q8n
1017,TjPyQJhhmXNRCJv9DVU5tC,AV-EL_TjPyQJhhmXNRCJv9DVU5tC
1018,H43fKp4A3uFj7Cu6jgEaCt,AV-EL_H43fKp4A3uFj7Cu6jgEaCt
1019,gvUbfgoCMw24sdwDTsG2BW,AV-EL_gvUbfgoCMw24sdwDTsG2BW
1020,ckUBc8ujk9fAt3yipf6ZWT,AV-EL_ckUBc8ujk9fAt3yipf6ZWT
1021,iHspXBGVZNsNpn9sUPSwKc,AV-EL_iHspXBGVZNsNpn9sUPSwKc
1022,T6BDnEwhSu8CWf4n4ekk98,AV-EL_T6BDnEwhSu8CWf4n4ekk98
1023,7QMHpiPG8sg8yLKiCZ7ssD,AV-EL_7QMHpiPG8sg8yLKiCZ7ssD
1024,hjeKroBFB6Yzdms8mr2Hwp,AV-EL_hjeKroBFB6Yzdms8mr2Hwp
1025,He5vrvwCU943iK5myDvSJF,AV-EL_He5vrvwCU943iK5myDvSJF
1026,67hUCRWtzmiDKrYt8bB2HY,AV-EL_67hUCRWtzmiDKrYt8bB2HY
1027,Wj6L2Vcu37EB463W5tZBmt,AV-EL_Wj6L2Vcu37EB463W5tZBmt
1028,QAyVrKyU4UbPH5ikX7r4xV,AV-EL_QAyVrKyU4UbPH5ikX7r4xV
1029,hWxazUKrfN2Hs9fVHYdcbY,AV-EL_hWxazUKrfN2Hs9fVHYdcbY
1030,iM2qcmzckYfKqmbygccZYY,AV-EL_iM2qcmzckYfKqmbygccZYY
1031,BBUz9vL9VRvgVWGHiVLaXz,AV-EL_BBUz9vL9VRvgVWGHiVLaXz
1032,TSdL9TTcvSdPJQRbpZEALC,AV-EL_TSdL9TTcvSdPJQRbpZEALC
1033,adir8WwiMjDZ7fKia2XmVz,AV-EL_adir8WwiMjDZ7fKia2XmVz
1034,fCjThWh57HEbkyF4UFM5Wn,AV-EL_fCjThWh57HEbkyF4UFM5Wn
1035,2oLrFsApJ9L5rsoubTrXQi,AV-EL_2oLrFsApJ9L5rsoubTrXQi
1036,nNGYobvawdxUt4se5Ks2oK,AV-EL_nNGYobvawdxUt4se5Ks2oK
1037,BJLNPyim8ZX688ULCQ8sH6,AV-EL_BJLNPyim8ZX688ULCQ8sH6
1038,bjFG9C7qq38cRe4hBXBcBm,AV-EL_bjFG9C7qq38cRe4hBXBcBm
1039,faxAqkELDemh5SW46jWDCf,AV-EL_faxAqkELDemh5SW46jWDCf
1040,4qiDStN4RS5R8CLS7Vmyan,AV-EL_4qiDStN4RS5R8CLS7Vmyan
1041,bs7R63PruNeWjwgmBN4cFq,AV-EL_bs7R63PruNeWjwgmBN4cFq
1042,nYQMrgPGtArW8Khy6RQU6j,AV-EL_nYQMrgPGtArW8Khy6RQU6j
1043,RWgFWCYBhJYyuoLpquKc3x,AV-EL_RWgFWCYBhJYyuoLpquKc3x
1044,N9GubNEKdKSETXPicH67bZ,AV-EL_N9GubNEKdKSETXPicH67bZ
1045,Scg9vNSjgdtnLhYQjSGMhi,AV-EL_Scg9vNSjgdtnLhYQjSGMhi
1046,hWzjKZahqfw5H2hZitkVeR,AV-EL_hWzjKZahqfw5H2hZitkVeR
1047,6Y3JGi9JRSycWYSgjzzFdy,AV-EL_6Y3JGi9JRSycWYSgjzzFdy
1048,2gQWF2AzgZWThNFdFn9Gzx,AV-EL_2gQWF2AzgZWThNFdFn9Gzx
1049,ZNLVXa5FRNYvyzGsLHdqbt,AV-EL_ZNLVXa5FRNYvyzGsLHdqbt
1050,go8hL84fhExdPsHxWWkenc,AV-EL_go8hL84fhExdPsHxWWkenc
1051,H54Uer5u89yKDgRAR4uSe7,AV-EL_H54Uer5u89yKDgRAR4uSe7
1052,BKLsyLTsV2XwXKwACnWzpK,AV-EL_BKLsyLTsV2XwXKwACnWzpK
1053,Dg5Pmn2vZF7xdbW6PkvDVY,AV-EL_Dg5Pmn2vZF7xdbW6PkvDVY
1054,LRnuvB2Soqfs8TZjadCNyB,AV-EL_LRnuvB2Soqfs8TZjadCNyB
1055,NXtvau9QUJw6vfmTcfQSsa,AV-EL_NXtvau9QUJw6vfmTcfQSsa
1056,o3ZJehUPHEaU9noFJak4yD,AV-EL_o3ZJehUPHEaU9noFJak4yD
1057,GfeJEuSpAjSpEXUpPkkea8,AV-EL_GfeJEuSpAjSpEXUpPkkea8
1058,ZQNCwDTDCULGMtLsGhLhqR,AV-EL_ZQNCwDTDCULGMtLsGhLhqR
1059,ckuPwFjaxojcnU2nny2V9v,AV-EL_ckuPwFjaxojcnU2nny2V9v
1060,UFjAuA3nEGqcjGbMgSupSZ,AV-EL_UFjAuA3nEGqcjGbMgSupSZ
1061,fCjXgsjFQvErMPB8Ax5KRA,AV-EL_fCjXgsjFQvErMPB8Ax5KRA
1062,C74kXrERf4zDCkMYLmqgin,AV-EL_C74kXrERf4zDCkMYLmqgin
1063,L3pngnxTptAzLP7VJGWuHq,AV-EL_L3pngnxTptAzLP7VJGWuHq
1064,cjARFU25y5Dpk67aWxJ6uj,AV-EL_cjARFU25y5Dpk67aWxJ6uj
1065,L6rAaj6vkmyHwmyFMvf6Zr,AV-EL_L6rAaj6vkmyHwmyFMvf6Zr
1066,mcZXDDP966tw5MW8JrxcAE,AV-EL_mcZXDDP966tw5MW8JrxcAE
1067,YaDfpMkoXCXqUnP9btwQny,AV-EL_YaDfpMkoXCXqUnP9btwQny
1068,NqkHmA5PN5WUzw74wMtACF,AV-EL_NqkHmA5PN5WUzw74wMtACF
1069,bXDDDgQNiBvvN8fGCpgkSe,AV-EL_bXDDDgQNiBvvN8fGCpgkSe
1070,hCJ3Rdf36x4dtew4rEjVhb,AV-EL_hCJ3Rdf36x4dtew4rEjVhb
1071,E2wALbeCKyfnkrcUcQii2E,AV-EL_E2wALbeCKyfnkrcUcQii2E
1072,UDiAESo2efBXFfrBWrPfce,AV-EL_UDiAESo2efBXFfrBWrPfce
1073,G5W95gTMAZHbfuGVtZRCmH,AV-EL_G5W95gTMAZHbfuGVtZRCmH
1074,EmDYFw2GhhkriL9u9KyeLU,AV-EL_EmDYFw2GhhkriL9u9KyeLU
1075,bbAA8DN8cJ3MGYLFun2VFA,AV-EL_bbAA8DN8cJ3MGYLFun2VFA
1076,Vj7j3NK5zjLyXXpgHkFp8e,AV-EL_Vj7j3NK5zjLyXXpgHkFp8e
1077,Mg28HW3jQhhhSY9tNVR2nc,AV-EL_Mg28HW3jQhhhSY9tNVR2nc
1078,Dan6VEZB8smeK4D8276hcD,AV-EL_Dan6VEZB8smeK4D8276hcD
1079,3bKnPnHvE7AkNmGS4GWykD,AV-EL_3bKnPnHvE7AkNmGS4GWykD
1080,FR4dSPYCBWLyZQJfhrDzQT,AV-EL_FR4dSPYCBWLyZQJfhrDzQT
1081,KWjgRgbUtgZwHaCHH6JWKm,AV-EL_KWjgRgbUtgZwHaCHH6JWKm
1082,8CMHcoctJoF7ibjDR9itUK,AV-EL_8CMHcoctJoF7ibjDR9itUK
1083,EnnwwAcc7u2Gdtf3aSRJiP,AV-EL_EnnwwAcc7u2Gdtf3aSRJiP
1084,YFFKPKZy7FUHY5JfAiwQYV,AV-EL_YFFKPKZy7FUHY5JfAiwQYV
1085,Gh6rs5SomFLv5kiLsvTPfS,AV-EL_Gh6rs5SomFLv5kiLsvTPfS
1086,ec9bUCdH7estjC73Sb7LJe,AV-EL_ec9bUCdH7estjC73Sb7LJe
1087,ExFQJiw5fF6yhbA9WRvvqt,AV-EL_ExFQJiw5fF6yhbA9WRvvqt
1088,PhGLtb3awyz8HG4ZvoqX4Y,AV-EL_PhGLtb3awyz8HG4ZvoqX4Y
1089,9rxwUTCWnh3sdiWBVC4N6x,AV-EL_9rxwUTCWnh3sdiWBVC4N6x
1090,fomYtda4C4gStHTpw7CPMw,AV-EL_fomYtda4C4gStHTpw7CPMw
1091,X2GdqGcxQSTS3oPMdxQSut,AV-EL_X2GdqGcxQSTS3oPMdxQSut
1092,LpvG7kjPFK5ydgaiDhQNHT,AV-EL_LpvG7kjPFK5ydgaiDhQNHT
1093,bBNhzGLMo4fsESswpmuQEN,AV-EL_bBNhzGLMo4fsESswpmuQEN
1094,TqygvYVmmBHRKPkoBtPoi4,AV-EL_TqygvYVmmBHRKPkoBtPoi4
1095,8QLmQh9USNcR6LPWEPBWo7,AV-EL_8QLmQh9USNcR6LPWEPBWo7
1096,3FpEwEP2APyyrcWR7VRJT5,AV-EL_3FpEwEP2APyyrcWR7VRJT5
1097,cZHX4ncuoLkFzvqNxFeFch,AV-EL_cZHX4ncuoLkFzvqNxFeFch
1098,fvWkb2asWMUc7CNCWKeFZe,AV-EL_fvWkb2asWMUc7CNCWKeFZe
1099,EdNG2pEXBbtRki3LDenKns,AV-EL_EdNG2pEXBbtRki3LDenKns
1100,fB8REHMMRnGoHQdNqAT5a7,AV-EL_fB8REHMMRnGoHQdNqAT5a7
1101,BfFyKif2U6fyqtUmAKg4HS,AV-EL_BfFyKif2U6fyqtUmAKg4HS
1102,n7G2qBhEi8yD7tEtTCxmQT,AV-EL_n7G2qBhEi8yD7tEtTCxmQT
1103,73ng478yXCuyDD4ZAcBdb3,AV-EL_73ng478yXCuyDD4ZAcBdb3
1104,3A6QEzBXtKzXzzuiWeBYBj,AV-EL_3A6QEzBXtKzXzzuiWeBYBj
1105,8YUP2S6pnJJkcLRWC552Qh,AV-EL_8YUP2S6pnJJkcLRWC552Qh
1106,6uP9WQLxFXfbdV8HVrjPPp,AV-EL_6uP9WQLxFXfbdV8HVrjPPp
1107,cyC5mefp9oesLuiZUD3TnQ,AV-EL_cyC5mefp9oesLuiZUD3TnQ
1108,5opEfuSc9stMnryhaLQ3h9,AV-EL_5opEfuSc9stMnryhaLQ3h9
1109,RRKBcpU8J96qzLAusGG6oC,AV-EL_RRKBcpU8J96qzLAusGG6oC
1110,kY4QetXhtuF2xfChVLzirP,AV-EL_kY4QetXhtuF2xfChVLzirP
1111,YM5USVQiDtF4XMD5oWg4v4,AV-EL_YM5USVQiDtF4XMD5oWg4v4
1112,GKEoVuMScQw9gtBatopk27,AV-EL_GKEoVuMScQw9gtBatopk27
1113,aAtShmPaAkx6jP3U8BjmZG,AV-EL_aAtShmPaAkx6jP3U8BjmZG
1114,99uEphFHzf4MnPd7f6SQWS,AV-EL_99uEphFHzf4MnPd7f6SQWS
1115,MNwGscCD99HewoVdxy7niq,AV-EL_MNwGscCD99HewoVdxy7niq
1116,FNzJxYkMQFwpnMCVJP9frK,AV-EL_FNzJxYkMQFwpnMCVJP9frK
1117,d5oLi85QpvTLNAcx9ZdfJL,AV-EL_d5oLi85QpvTLNAcx9ZdfJL
1118,VSkWm4QpeRoEU9qxjSBFSA,AV-EL_VSkWm4QpeRoEU9qxjSBFSA
1119,F55YrG3hPQJr2hJhbaifC4,AV-EL_F55YrG3hPQJr2hJhbaifC4
1120,NAYbbXGu36t4m5UmFLJjpP,AV-EL_NAYbbXGu36t4m5UmFLJjpP
1121,Gy6ugAM4CcJtetPWoFSMii,AV-EL_Gy6ugAM4CcJtetPWoFSMii
1122,JfUWhpESidbzbgemJPNLh2,AV-EL_JfUWhpESidbzbgemJPNLh2
1123,ArLN8AJ2QKvvRnMoVSYWXF,AV-EL_ArLN8AJ2QKvvRnMoVSYWXF
1124,4abhiXE5yduM8BEs2kkqQ7,AV-EL_4abhiXE5yduM8BEs2kkqQ7
1125,dewEKZgg6A7hKzHNspjp2F,AV-EL_dewEKZgg6A7hKzHNspjp2F
1126,h4p5nVorn7RYieEmWoxzqr,AV-EL_h4p5nVorn7RYieEmWoxzqr
1127,JH3iw8dmtTvNiZnLEVUm8a,AV-EL_JH3iw8dmtTvNiZnLEVUm8a
1128,jKQTe4eA9hzD2TSAAhiWzX,AV-EL_jKQTe4eA9hzD2TSAAhiWzX
1129,e5ay2joiZKnSqEVpMm3Aig,AV-EL_e5ay2joiZKnSqEVpMm3Aig
1130,98ipnz9Ena2j2Fs9wVHWH9,AV-EL_98ipnz9Ena2j2Fs9wVHWH9
1131,4QYV5hUvfcFVedibiBcjKz,AV-EL_4QYV5hUvfcFVedibiBcjKz
1132,bfcYx5PT7pNRuF7wrkEyT4,AV-EL_bfcYx5PT7pNRuF7wrkEyT4
1133,cFh25DhFdAu7k4pAe5qrmf,AV-EL_cFh25DhFdAu7k4pAe5qrmf
1134,mqQNkKgKaERRLRwr2SwNPZ,AV-EL_mqQNkKgKaERRLRwr2SwNPZ
1135,MqxwJwwHzWwXLshe4af7ub,AV-EL_MqxwJwwHzWwXLshe4af7ub
1136,gLQrp8AXuijpDPwFxAsvi7,AV-EL_gLQrp8AXuijpDPwFxAsvi7
1137,WNDGn7WLrDSTxUzPeB2NgD,AV-EL_WNDGn7WLrDSTxUzPeB2NgD
1138,DiQct3qpWgVb4pf7wCpXtq,AV-EL_DiQct3qpWgVb4pf7wCpXtq
1139,gjrYAoEyyBfQi5GPoSBrXK,AV-EL_gjrYAoEyyBfQi5GPoSBrXK
1140,P7ZQNNxMDYndG9tYbjK7Qu,AV-EL_P7ZQNNxMDYndG9tYbjK7Qu
1141,2hsJYKF8XYYwBzhECwRKyS,AV-EL_2hsJYKF8XYYwBzhECwRKyS
1142,6QUfZa2uaDvDNpT8XPzzbw,AV-EL_6QUfZa2uaDvDNpT8XPzzbw
1143,Yn7yaBQ77NmZ3Dq3awam6i,AV-EL_Yn7yaBQ77NmZ3Dq3awam6i
1144,mxK35m7wBUvRD8EAtLH8gW,AV-EL_mxK35m7wBUvRD8EAtLH8gW
1145,UgLJLDgzGbLztRtQZZWoDh,AV-EL_UgLJLDgzGbLztRtQZZWoDh
1146,i346dSdoviXE7cZPgoBYPK,AV-EL_i346dSdoviXE7cZPgoBYPK
1147,gJCFcWsYTsvBVkEhP2MHnA,AV-EL_gJCFcWsYTsvBVkEhP2MHnA
1148,52qc46oKthQu8qjd7AsPyo,AV-EL_52qc46oKthQu8qjd7AsPyo
1149,VDfRcrBpmEWaM6DLK64LWb,AV-EL_VDfRcrBpmEWaM6DLK64LWb
1150,8ranRUCBRgXDJBxQoVr4EV,AV-EL_8ranRUCBRgXDJBxQoVr4EV
1151,6t2RjS9uUyLHJHTq9pXG7t,AV-EL_6t2RjS9uUyLHJHTq9pXG7t
1152,SyybrAqWAvRfGUB5aoEBkP,AV-EL_SyybrAqWAvRfGUB5aoEBkP
1153,hpaSFcc6RxBKr7uxJkxfEP,AV-EL_hpaSFcc6RxBKr7uxJkxfEP
1154,FSoo9FqhzAoPXLaXtB9ReP,AV-EL_FSoo9FqhzAoPXLaXtB9ReP
1155,ntYXgEK3aRjTuL26eqt74a,AV-EL_ntYXgEK3aRjTuL26eqt74a
1156,84sZSaBkAKBqSPQJ88ErF9,AV-EL_84sZSaBkAKBqSPQJ88ErF9
1157,JLnbf8NiTXdAp6T4LbFZcS,AV-EL_JLnbf8NiTXdAp6T4LbFZcS
1158,LREqFE5H3naFmhiho4jobk,AV-EL_LREqFE5H3naFmhiho4jobk
1159,7HXLbZKQR9zq82oihZTc4K,AV-EL_7HXLbZKQR9zq82oihZTc4K
1160,nKG2TixDFeA5UJnpNdh3i9,AV-EL_nKG2TixDFeA5UJnpNdh3i9
1161,7TxeqqwmepCSvwog3Nu3Gg,AV-EL_7TxeqqwmepCSvwog3Nu3Gg
1162,PyDZKnQmHRFHXFSSuKEaaJ,AV-EL_PyDZKnQmHRFHXFSSuKEaaJ
1163,EybSemjnSHRcvmAFBD8TDx,AV-EL_EybSemjnSHRcvmAFBD8TDx
1164,jsZrQjKjkCWgJW6uwwrR7A,AV-EL_jsZrQjKjkCWgJW6uwwrR7A
1165,3Zauztw2F3BgmU2bbh4bHs,AV-EL_3Zauztw2F3BgmU2bbh4bHs
1166,5oSbbfSEiRYPMcnZB7affA,AV-EL_5oSbbfSEiRYPMcnZB7affA
1167,fE9UqtZCgT4Y4CXtgyH238,AV-EL_fE9UqtZCgT4Y4CXtgyH238
1168,c3h33bWWjgTb5TcX9GaWUY,AV-EL_c3h33bWWjgTb5TcX9GaWUY
1169,7e4iREQP32LJSHheY2QS4N,AV-EL_7e4iREQP32LJSHheY2QS4N
1170,h8DFfJQcBshPSVKjSnatdz,AV-EL_h8DFfJQcBshPSVKjSnatdz
1171,KANDapQyF8R7Z3679dyKPP,AV-EL_KANDapQyF8R7Z3679dyKPP
1172,Zr4zHvdfra4pebS2Mgt8uw,AV-EL_Zr4zHvdfra4pebS2Mgt8uw
1173,5SXabu4wsHrhyPtNH37m3M,AV-EL_5SXabu4wsHrhyPtNH37m3M
1174,83yxtYhLMUgTmqYWYXdzRZ,AV-EL_83yxtYhLMUgTmqYWYXdzRZ
1175,hSrQ2DChcd5sPSUJsFjBEe,AV-EL_hSrQ2DChcd5sPSUJsFjBEe
1176,QL77pWhN27KB8PChxsPQoN,AV-EL_QL77pWhN27KB8PChxsPQoN
1177,oGdSDfeLgTp4zSVeHRmz6v,AV-EL_oGdSDfeLgTp4zSVeHRmz6v
1178,2QHR5QZPYvdjSR4iVNe6Zs,AV-EL_2QHR5QZPYvdjSR4iVNe6Zs
1179,nJFBpdT4Z5SvzjDqi7hgur,AV-EL_nJFBpdT4Z5SvzjDqi7hgur
1180,hqjRQuu4FdZRQBs8WZJwMv,AV-EL_hqjRQuu4FdZRQBs8WZJwMv
1181,9evsQkXRMYZLkemiaAPxv7,AV-EL_9evsQkXRMYZLkemiaAPxv7
1182,jVS4aTeYKPiWRyQnRWAnaR,AV-EL_jVS4aTeYKPiWRyQnRWAnaR
1183,hQgQKkY5EHaTEn9hHrZSrj,AV-EL_hQgQKkY5EHaTEn9hHrZSrj
1184,Nj8pL95SLbcX9NgrZUM8HC,AV-EL_Nj8pL95SLbcX9NgrZUM8HC
1185,m2X8x6D43VFoHTb4ouoP6b,AV-EL_m2X8x6D43VFoHTb4ouoP6b
1186,XopnyoVYE2EuiHKWJHPpae,AV-EL_XopnyoVYE2EuiHKWJHPpae
1187,aQ8WGuuq5dCFbe3sJuMLe9,AV-EL_aQ8WGuuq5dCFbe3sJuMLe9
1188,oMrtDzaJ88qcjkRiUE5a7j,AV-EL_oMrtDzaJ88qcjkRiUE5a7j
1189,2ZWMY6sGnzk38aAZg8WhYA,AV-EL_2ZWMY6sGnzk38aAZg8WhYA
1190,35XCT5U4TWuNUi6bH6zZQZ,AV-EL_35XCT5U4TWuNUi6bH6zZQZ
1191,LPNHd7f7n5qURsepQHC9Zy,AV-EL_LPNHd7f7n5qURsepQHC9Zy
1192,ZPfT29QTdRLYzSoj4gb9uN,AV-EL_ZPfT29QTdRLYzSoj4gb9uN
1193,Vt2Rzv4HHiaGHXQs5Vk3aW,AV-EL_Vt2Rzv4HHiaGHXQs5Vk3aW
1194,myFrhBumSaNxRPtH4UoUt2,AV-EL_myFrhBumSaNxRPtH4UoUt2
1195,WHL8zASnDrbn3AcF3PZzgJ,AV-EL_WHL8zASnDrbn3AcF3PZzgJ
1196,NcVnrFsr8XgCJrkBSomsn7,AV-EL_NcVnrFsr8XgCJrkBSomsn7
1197,9L9uH7uQBKZ67rCGHKvhWA,AV-EL_9L9uH7uQBKZ67rCGHKvhWA
1198,Xxz4fHhyEmqScwTbzkAzmJ,AV-EL_Xxz4fHhyEmqScwTbzkAzmJ
1199,SeWoCJekz7mY92PK3zY2AX,AV-EL_SeWoCJekz7mY92PK3zY2AX
1200,9SLEHb6BeUe7svPoNgh44c,AV-EL_9SLEHb6BeUe7svPoNgh44c
1201,TkWrtzMvYnHmPLiyGKBpy3,AV-EL_TkWrtzMvYnHmPLiyGKBpy3
1202,gkGGhUYytzpVmLkqS4vGTp,AV-EL_gkGGhUYytzpVmLkqS4vGTp
1203,QzCv8hGamAEtXURPLfSeo7,AV-EL_QzCv8hGamAEtXURPLfSeo7
1204,ecr5HvsuVZzzLaaDxQJNJ2,AV-EL_ecr5HvsuVZzzLaaDxQJNJ2
1205,ec349eZ2jSfYQriAiS9MKN,AV-EL_ec349eZ2jSfYQriAiS9MKN
1206,BuNwXVmJ9RQ2K9tu9yzgK4,AV-EL_BuNwXVmJ9RQ2K9tu9yzgK4
1207,ACbaZCZNBDAax26HWZUE97,AV-EL_ACbaZCZNBDAax26HWZUE97
1208,9tzq2yuiHmtbJgDjKuBuGz,AV-EL_9tzq2yuiHmtbJgDjKuBuGz
1209,VeihUae5aiTTdo2FdkwsKB,AV-EL_VeihUae5aiTTdo2FdkwsKB
1210,Zh3Q3oFUTgU7L4anqWDYZp,AV-EL_Zh3Q3oFUTgU7L4anqWDYZp
1211,e5chRV6SEuaD7a56bArKmU,AV-EL_e5chRV6SEuaD7a56bArKmU
1212,ADnzqennU8vsFr6ivaNdia,AV-EL_ADnzqennU8vsFr6ivaNdia
1213,3Ja4enWwaUSfnBEqzimBJq,AV-EL_3Ja4enWwaUSfnBEqzimBJq
1214,ZJCRHYmgCQ9maP3sc942N5,AV-EL_ZJCRHYmgCQ9maP3sc942N5
1215,95D3b7s6xpT35wGdjhBeyx,AV-EL_95D3b7s6xpT35wGdjhBeyx
1216,9i6jvj4JekiTHxDWZ9YWVo,AV-EL_9i6jvj4JekiTHxDWZ9YWVo
1217,h6VPP6rBe9iRTZsJ58vGzB,AV-EL_h6VPP6rBe9iRTZsJ58vGzB
1218,ewZys25p6eZHjyGbqdQ9qm,AV-EL_ewZys25p6eZHjyGbqdQ9qm
1219,cDMYFCiwL3z7MkxYMJaiSL,AV-EL_cDMYFCiwL3z7MkxYMJaiSL
1220,Xn33ALqiyUpw5uBWaXTf3z,AV-EL_Xn33ALqiyUpw5uBWaXTf3z
1221,Tc3rMvnByAucWfAMRuAWDF,AV-EL_Tc3rMvnByAucWfAMRuAWDF
1222,eq5msLzQpUthtqGS3nGAeX,AV-EL_eq5msLzQpUthtqGS3nGAeX
1223,ViKb86s8gM3f7vFk3dmzQJ,AV-EL_ViKb86s8gM3f7vFk3dmzQJ
1224,NDrCn5odFw4V6CdxPNmwCg,AV-EL_NDrCn5odFw4V6CdxPNmwCg
1225,29FEAhig4JSsr3T6PXz9ma,AV-EL_29FEAhig4JSsr3T6PXz9ma
1226,SpPNNmRjY3P8MccaeVYbCi,AV-EL_SpPNNmRjY3P8MccaeVYbCi
1227,2JJHRiTGtDyDbizWZ5AbPo,AV-EL_2JJHRiTGtDyDbizWZ5AbPo
1228,4z8w576eRtozQJMkDaCXnF,AV-EL_4z8w576eRtozQJMkDaCXnF
1229,QpGNFrzdELQWKEx2X3MopB,AV-EL_QpGNFrzdELQWKEx2X3MopB
1230,aTpcUZqsdVxmkE5x8ioCdk,AV-EL_aTpcUZqsdVxmkE5x8ioCdk
1231,a7jF2MPdKnZ3vHNQVEsLpa,AV-EL_a7jF2MPdKnZ3vHNQVEsLpa
1232,nQXBMGzzeojoEuZgpFuHmw,AV-EL_nQXBMGzzeojoEuZgpFuHmw
1233,gi3w4MRLvJFYAceFNb53e6,AV-EL_gi3w4MRLvJFYAceFNb53e6
1234,MFS6VjiHbxoBtAvJKRi395,AV-EL_MFS6VjiHbxoBtAvJKRi395
1235,dG6J5LB3ykvH2uc7mruzSr,AV-EL_dG6J5LB3ykvH2uc7mruzSr
1236,AYsj7U2tDByxkDzHtPgDrC,AV-EL_AYsj7U2tDByxkDzHtPgDrC
1237,9EkME3GfUWEjkHPmvexYLJ,AV-EL_9EkME3GfUWEjkHPmvexYLJ
1238,BPyg8Ny3QM4hstY6tdQWgY,AV-EL_BPyg8Ny3QM4hstY6tdQWgY
1239,Pny4CXxHtWzCeESfXSY6mk,AV-EL_Pny4CXxHtWzCeESfXSY6mk
1240,eJ3Bi29dVJ3oEoc3sreAV9,AV-EL_eJ3Bi29dVJ3oEoc3sreAV9
1241,CnJ3SuSsNJJ28n2CkxwGRg,AV-EL_CnJ3SuSsNJJ28n2CkxwGRg
1242,ijdD9rBveygritXa32fJu9,AV-EL_ijdD9rBveygritXa32fJu9
1243,LxWevUBZi6k65sL8CLXFZz,AV-EL_LxWevUBZi6k65sL8CLXFZz
1244,HyWoYUqV5yJ77fKTwqCabM,AV-EL_HyWoYUqV5yJ77fKTwqCabM
1245,8owtSgjwVFaSm6rfKEdTWm,AV-EL_8owtSgjwVFaSm6rfKEdTWm
1246,j6VewTea3MTYKdqepLqJby,AV-EL_j6VewTea3MTYKdqepLqJby
1247,LuW93KyXgeCEPuDbgYSYoL,AV-EL_LuW93KyXgeCEPuDbgYSYoL
1248,MD4u8AcD3qnSyRnbMTnUZU,AV-EL_MD4u8AcD3qnSyRnbMTnUZU
1249,Dza9bAyLKmQAKoB8qqyQv3,AV-EL_Dza9bAyLKmQAKoB8qqyQv3
1250,nmwCZTcQHzKoZ6EkTxkpGX,AV-EL_nmwCZTcQHzKoZ6EkTxkpGX
1251,RoJkgKckWWcvMXLRKtostK,AV-EL_RoJkgKckWWcvMXLRKtostK
1252,QvkY8BGhubwh996Qfkeggg,AV-EL_QvkY8BGhubwh996Qfkeggg
1253,X7Y32B8ZmXtFLqsFPfCdk3,AV-EL_X7Y32B8ZmXtFLqsFPfCdk3
1254,fuPYH2nnNkHoNer8q4o5XK,AV-EL_fuPYH2nnNkHoNer8q4o5XK
1255,c3eeYdfzoa9eWMjhXeWXeJ,AV-EL_c3eeYdfzoa9eWMjhXeWXeJ
1256,mxB7zvyEbGJ3Ad8GrttDF6,AV-EL_mxB7zvyEbGJ3Ad8GrttDF6
1257,8UjLtS8Y2zSvwWzZ5y57Zt,AV-EL_8UjLtS8Y2zSvwWzZ5y57Zt
1258,gHqeRcMGs8UPRY3xhSr25F,AV-EL_gHqeRcMGs8UPRY3xhSr25F
1259,NBRdT6hmw4grztw25r5oqb,AV-EL_NBRdT6hmw4grztw25r5oqb
1260,XutD3454evvokggM3mNi7d,AV-EL_XutD3454evvokggM3mNi7d
1261,mUxXCjvAyfeg4oX88wQDvT,AV-EL_mUxXCjvAyfeg4oX88wQDvT
1262,faYUtAv6epuKBdJ54Pw9P3,AV-EL_faYUtAv6epuKBdJ54Pw9P3
1263,Jxr4ZpXdJzMeUBMB7q7at7,AV-EL_Jxr4ZpXdJzMeUBMB7q7at7
1264,YibHQy7f665XfX3gm3Gjjs,AV-EL_YibHQy7f665XfX3gm3Gjjs
1265,UeNs8XdhdqNYeRGHFiSFeA,AV-EL_UeNs8XdhdqNYeRGHFiSFeA
1266,5DfE8huudYFwZqXKaTcPcM,AV-EL_5DfE8huudYFwZqXKaTcPcM
1267,cvXxABF9pgpBqhxUdaLnZi,AV-EL_cvXxABF9pgpBqhxUdaLnZi
1268,UjdFcgnKDRJCun2vM6nGEr,AV-EL_UjdFcgnKDRJCun2vM6nGEr
1269,dEuKt6QyJxxxD6GTQccBHW,AV-EL_dEuKt6QyJxxxD6GTQccBHW
1270,VWbQr3k8cioJx9UoxKGBuz,AV-EL_VWbQr3k8cioJx9UoxKGBuz
1271,7xS7aR7mfEbu2hc3p4novd,AV-EL_7xS7aR7mfEbu2hc3p4novd
1272,TPNALnR7ETToptNSjunMfP,AV-EL_TPNALnR7ETToptNSjunMfP
1273,AyVjTeveQLr7EPkS7vc2LC,AV-EL_AyVjTeveQLr7EPkS7vc2LC
1274,22NQVAvzuNVg7b7kPGWW63,AV-EL_22NQVAvzuNVg7b7kPGWW63
1275,f6RwGcqLZzsR4oSoZ2ByBo,AV-EL_f6RwGcqLZzsR4oSoZ2ByBo
1276,A3Hb6zt7LbAEGcqBpQH869,AV-EL_A3Hb6zt7LbAEGcqBpQH869
1277,5cxeffTP2B7WDFNjWvwsiQ,AV-EL_5cxeffTP2B7WDFNjWvwsiQ
1278,oLoMmacfsyH7599vtvXS2c,AV-EL_oLoMmacfsyH7599vtvXS2c
1279,4sKhV8WiPNAGW9igHDAE6f,AV-EL_4sKhV8WiPNAGW9igHDAE6f
1280,QJ4d2CPJdiwek2TkSahxLj,AV-EL_QJ4d2CPJdiwek2TkSahxLj
1281,EweGT6AcwL3o5H5UKWVh52,AV-EL_EweGT6AcwL3o5H5UKWVh52
1282,dwsXzgUwq9b2u3WhpWfHjz,AV-EL_dwsXzgUwq9b2u3WhpWfHjz
1283,ENXfLrytNobUkEoUSy6sUt,AV-EL_ENXfLrytNobUkEoUSy6sUt
1284,ghvj24qoJaBSe2aRLF9nsq,AV-EL_ghvj24qoJaBSe2aRLF9nsq
1285,3K6hGS52dYNKuCPDD5ZJJH,AV-EL_3K6hGS52dYNKuCPDD5ZJJH
1286,4bNAyniPw7JPFQfypReeDk,AV-EL_4bNAyniPw7JPFQfypReeDk
1287,QDcJvsG592A7nt6K2ANXWc,AV-EL_QDcJvsG592A7nt6K2ANXWc
1288,bKLXUdJAuyGwba5ew7GRN6,AV-EL_bKLXUdJAuyGwba5ew7GRN6
1289,HFEQuPNzHVxsbFUzCQLkkE,AV-EL_HFEQuPNzHVxsbFUzCQLkkE
1290,mFae8xjrj9sgcwG32GJAnP,AV-EL_mFae8xjrj9sgcwG32GJAnP
1291,e2BxMRemaWuGSZkkUh8auL,AV-EL_e2BxMRemaWuGSZkkUh8auL
1292,aWQJFheGvGGQhCYsqY6acy,AV-EL_aWQJFheGvGGQhCYsqY6acy
1293,38xg2WqG64KePmLrfpLsGQ,AV-EL_38xg2WqG64KePmLrfpLsGQ
1294,AU5A9YF2zRXGBfc3pw2k6S,AV-EL_AU5A9YF2zRXGBfc3pw2k6S
1295,5mCdydQzcPdsN89nJmGL3K,AV-EL_5mCdydQzcPdsN89nJmGL3K
1296,43PoZHviRF69Ju2LokdFHH,AV-EL_43PoZHviRF69Ju2LokdFHH
1297,QVfTyiryP9RncVAgSvUkxb,AV-EL_QVfTyiryP9RncVAgSvUkxb
1298,oYwFHBRja8MWCGRCjZzURu,AV-EL_oYwFHBRja8MWCGRCjZzURu
1299,b2BKrxBLsurA66mF74ymQ8,AV-EL_b2BKrxBLsurA66mF74ymQ8
1300,cNhaC7KnVU9JeVAQhRiFMo,AV-EL_cNhaC7KnVU9JeVAQhRiFMo
